treated,earnings_post,age,education,prior_earnings,female,married,children
0,56257.67,41.0,16,13.77,1,1,2
1,62326.4,33.3,12,20.23,1,0,2
1,63615.55,42.8,12,13.86,0,0,1
0,70720.12,53.3,12,25.37,0,1,0
1,59051.67,32.2,17,10.28,0,0,2
0,70168.85,32.2,14,29.33,0,1,0
1,68429.68,54.0,12,16.21,0,1,0
1,57230.56,44.2,11,8.46,0,0,1
1,63081.06,29.4,15,23.11,0,0,0
1,52899.91,41.5,9,14.89,1,0,1
0,40737.59,29.4,8,7.0,0,0,2
1,56008.69,29.4,9,19.42,0,0,2
1,72243.8,37.9,14,27.2,0,0,1
0,63298.66,18.0,13,31.22,0,0,2
1,50677.11,18.0,14,13.61,1,0,0
1,65668.57,28.3,14,17.68,0,1,0
0,57181.24,22.8,17,16.87,0,0,0
1,76013.57,38.8,13,34.64,0,1,1
1,54644.07,24.1,13,10.97,0,1,1
1,53644.3,18.1,11,13.04,0,1,0
0,57567.5,52.6,14,10.83,1,0,2
0,53820.78,32.3,13,7.97,0,1,2
0,64386.36,35.8,12,18.61,0,1,0
1,66258.42,18.0,12,36.62,0,0,3
1,60087.59,28.5,13,14.89,0,1,1
1,53161.21,36.3,11,10.58,1,0,2
0,49277.52,21.2,10,18.06,1,1,3
0,62795.85,39.5,16,22.08,1,1,2
1,64575.47,27.8,17,15.21,0,1,1
1,67979.13,31.5,9,33.17,0,0,2
1,56314.2,27.8,12,10.96,1,1,1
1,62481.37,57.2,13,14.25,1,0,2
1,54087.04,34.8,6,19.07,0,1,0
1,62254.02,22.3,16,20.01,0,1,0
1,58197.79,44.9,15,16.84,0,1,2
0,49833.2,20.3,14,8.68,0,1,0
1,89051.4,37.5,9,50.0,0,0,0
1,53252.09,18.0,10,14.61,0,0,2
0,46643.39,19.1,11,17.38,1,0,1
0,64572.46,37.4,15,22.38,0,1,5
0,52665.11,43.9,10,11.96,0,1,1
1,62190.54,37.1,9,16.92,0,1,1
0,59634.28,33.6,13,11.72,1,0,0
0,53379.27,31.4,7,20.24,0,1,0
1,50398.94,18.0,11,14.32,1,0,1
0,61017.3,26.4,14,18.81,0,1,3
1,47728.07,29.5,8,9.74,1,1,1
0,64843.55,47.7,16,10.86,0,1,0
1,52342.66,39.1,9,8.31,0,1,1
0,41555.91,18.0,7,11.53,0,0,0
0,47161.49,38.9,14,5.0,0,1,1
0,58958.37,30.4,17,14.1,0,0,1
1,43960.35,26.9,6,12.59,1,1,0
1,61953.65,42.3,10,17.73,0,0,0
0,51307.21,47.4,6,16.82,0,1,0
1,67425.01,46.2,11,30.83,0,0,2
0,70613.65,24.9,10,50.0,1,0,1
1,64619.93,31.3,9,29.04,1,0,1
1,60367.55,39.0,16,13.11,1,1,1
1,59676.94,46.7,13,12.85,0,0,2
1,67142.1,29.2,10,25.39,1,1,2
1,56454.43,32.8,15,7.09,1,1,1
1,57490.88,21.7,16,14.05,1,1,1
1,47697.02,20.6,9,14.6,0,1,1
1,68041.0,44.8,12,22.02,0,0,1
1,70005.42,51.3,13,22.35,0,1,3
1,58827.13,34.1,14,11.33,0,0,1
1,57247.81,47.0,16,13.37,1,0,0
1,67011.88,39.3,11,20.54,0,1,2
1,50282.79,27.3,15,11.03,0,0,2
0,65393.27,39.3,10,30.06,1,1,0
0,65546.9,53.5,9,22.3,1,0,0
0,42503.88,34.6,6,17.92,0,1,3
1,59535.74,53.8,7,19.99,1,0,2
0,39992.42,18.0,7,13.02,0,0,1
1,60189.55,44.9,14,12.02,1,0,0
1,67520.64,36.0,19,13.3,1,1,1
1,66285.73,31.4,15,21.11,0,1,2
0,54857.02,36.1,12,18.18,1,1,1
1,56241.22,18.0,15,13.31,1,1,1
1,65127.86,32.4,11,23.92,0,1,1
1,59432.28,39.3,12,15.07,0,0,0
0,72880.17,52.7,17,11.63,1,1,0
1,66362.88,28.8,13,18.67,0,1,0
1,57856.72,25.3,14,9.91,0,0,3
1,53877.07,29.0,15,7.07,1,0,0
1,64540.16,46.0,9,16.4,1,1,1
1,57884.38,38.9,14,11.84,0,1,2
1,59024.58,28.6,14,14.48,0,1,1
1,55001.57,41.2,11,10.14,0,1,1
1,74720.79,36.2,17,30.1,0,0,1
1,63362.9,46.6,14,11.81,0,1,1
0,51184.53,26.6,12,13.25,1,0,0
0,63005.11,31.1,15,19.86,0,0,2
0,56932.15,30.3,14,8.26,0,0,0
0,49695.99,18.0,17,7.96,0,1,0
0,49366.42,38.6,7,19.9,1,1,2
0,47645.68,38.1,12,13.16,0,0,0
1,51227.57,35.1,10,10.48,0,1,1
0,67611.32,32.2,17,22.24,0,1,2
0,42575.53,18.0,10,10.96,1,1,1
1,55279.97,30.0,14,14.34,1,1,2
1,61938.15,30.9,19,10.51,0,0,1
1,55013.53,25.4,9,19.14,0,1,2
1,66820.14,33.1,9,32.01,0,1,0
0,42595.69,39.8,6,6.48,0,1,2
0,63488.71,57.6,13,17.4,0,0,1
0,65787.32,37.1,11,25.24,0,0,1
0,54592.24,38.1,12,13.32,0,0,0
0,52155.39,34.1,13,9.34,0,1,2
1,56689.74,18.0,10,20.3,0,1,2
0,60595.18,34.7,13,27.14,1,1,2
0,62392.22,35.7,9,25.67,0,0,2
0,69019.23,64.6,12,19.75,0,0,3
1,60366.8,32.7,15,17.27,0,0,0
0,53586.2,38.6,14,10.49,1,1,0
0,57621.88,34.6,11,25.35,1,0,1
0,59786.89,21.0,15,24.65,0,1,3
0,52971.07,48.7,14,9.31,0,0,0
0,61665.31,44.0,14,19.73,0,1,2
1,64547.13,44.5,17,22.79,0,0,3
0,58083.95,24.1,10,25.56,0,1,1
1,65773.79,51.8,13,15.84,1,1,0
1,51050.02,18.2,11,10.71,0,0,3
1,57673.84,42.0,10,12.79,1,1,5
0,50134.13,61.3,8,9.94,0,0,2
0,44515.2,23.1,8,16.03,1,0,1
0,60398.58,28.2,16,14.53,1,0,2
1,84463.85,36.2,13,48.06,0,1,2
1,69339.94,29.0,14,25.72,0,1,1
0,55444.53,18.0,11,26.7,0,0,2
1,66645.76,35.8,14,20.82,0,1,2
1,56990.45,22.3,15,13.69,0,0,1
1,53437.64,40.7,8,14.33,1,1,2
0,57387.98,24.0,12,15.0,0,1,0
1,65546.08,53.6,13,18.07,1,1,0
0,65007.96,25.6,16,19.98,0,1,0
1,60623.5,31.1,9,16.45,1,1,1
0,56739.14,44.8,11,14.22,0,0,1
0,50954.04,20.2,16,12.22,1,0,1
1,52925.46,37.7,9,8.2,0,1,0
1,81131.01,50.7,11,31.24,0,0,1
0,76649.06,18.0,11,49.54,1,1,2
0,66008.88,37.2,9,29.95,0,0,0
1,51407.77,38.1,11,8.76,1,0,1
1,69891.46,44.4,14,24.37,1,0,2
1,64725.71,20.2,12,27.44,0,1,1
1,53309.38,19.2,14,13.44,0,1,0
0,65299.88,41.3,13,21.0,1,1,1
1,56680.13,38.6,14,13.09,0,0,0
1,74110.44,38.0,11,35.32,1,1,0
1,69557.79,39.2,14,19.74,1,0,2
0,60152.82,26.8,18,10.4,0,1,0
1,71455.53,37.8,20,22.99,0,0,3
1,71698.89,38.5,13,27.92,1,1,2
1,60740.11,26.4,14,18.16,0,1,0
1,72168.05,57.4,12,20.9,0,1,0
1,58757.89,40.7,12,15.88,0,1,1
1,56950.39,20.7,15,9.33,0,1,1
0,55932.07,42.9,11,15.24,0,0,2
0,55573.45,23.3,12,21.36,0,1,1
1,63141.88,44.4,12,15.42,1,1,1
1,76226.31,48.9,13,24.54,0,0,2
0,47971.1,25.2,10,13.52,0,1,0
1,65009.15,46.6,15,13.97,1,0,2
0,56673.61,40.0,7,24.92,1,0,2
0,64368.36,44.9,13,18.37,1,1,1
1,70055.9,57.8,14,13.39,0,1,2
1,70012.8,32.1,15,27.57,1,1,3
0,55066.59,26.0,15,11.65,0,0,0
1,57330.16,24.3,17,11.43,0,0,2
1,44676.58,25.2,12,5.0,0,0,0
1,58077.38,34.1,14,12.47,0,0,3
0,59951.21,39.1,6,31.64,1,1,2
1,56546.19,38.3,13,5.83,0,0,4
0,49127.77,44.9,10,10.22,1,0,0
0,59471.28,35.2,15,20.48,1,0,0
1,58115.47,52.4,12,5.35,1,0,0
1,60505.52,31.8,18,12.74,0,0,0
0,74132.99,65.0,13,29.09,1,1,1
1,90453.59,42.5,15,45.67,0,1,1
1,62988.92,24.7,11,19.01,0,1,0
1,54207.98,22.1,13,10.35,1,1,2
1,51241.56,40.8,10,10.18,0,0,2
0,63725.49,32.3,16,17.68,0,1,3
1,64035.15,43.6,14,18.92,1,0,1
0,90494.99,40.7,16,41.64,0,1,2
1,68126.27,34.1,14,26.72,1,1,3
0,51469.29,24.8,10,17.15,0,0,0
0,54033.39,18.0,15,13.91,0,0,1
1,88911.9,29.6,17,50.0,0,1,0
0,68500.36,45.3,14,22.5,0,1,1
0,63657.59,37.6,18,11.77,0,1,1
0,51403.98,20.1,9,14.7,1,1,0
1,50791.92,37.1,7,10.6,0,1,2
1,46347.34,39.6,9,5.0,1,1,3
0,58764.51,24.4,15,19.23,0,0,2
0,72927.75,36.8,11,40.09,0,0,3
0,46914.43,35.7,12,7.28,1,0,3
1,58725.33,21.3,13,16.91,1,0,0
1,61006.88,39.3,12,11.55,0,1,2
0,63121.58,41.7,15,21.34,1,0,0
0,53672.48,48.0,6,15.09,1,1,2
0,63212.46,47.6,17,8.33,0,0,1
0,46937.31,18.5,12,10.07,1,1,1
0,41887.88,23.7,9,10.86,0,1,0
1,69989.51,41.2,10,32.21,1,0,2
0,65403.32,41.2,10,31.39,1,0,0
1,58121.02,41.2,11,14.07,1,0,1
1,79246.86,65.0,10,30.38,0,0,0
0,69076.9,41.9,16,15.08,0,1,1
1,54172.73,48.6,9,13.97,1,1,3
1,71735.63,46.4,13,16.92,0,1,2
0,60700.1,42.8,10,18.96,0,0,0
1,56821.61,31.2,13,12.46,1,0,1
0,75781.85,44.1,18,16.63,0,1,1
1,58802.29,25.7,8,24.38,0,0,1
1,60390.25,32.2,11,17.55,0,0,2
1,52862.71,29.2,6,16.8,0,1,1
1,62494.37,36.0,10,21.05,1,0,0
1,75847.5,62.8,13,22.95,1,0,1
1,57152.1,18.0,12,15.94,0,0,0
1,53288.31,43.2,10,12.97,1,1,0
0,54619.59,18.0,14,18.08,1,1,2
1,58353.73,29.3,15,7.41,1,1,1
0,65257.14,48.1,14,14.8,0,1,1
0,49583.12,35.8,15,5.0,1,0,3
1,43966.55,22.1,6,7.11,0,1,1
0,36892.96,26.4,9,6.6,1,0,1
0,66515.76,43.2,9,27.76,1,1,1
1,61308.9,26.2,13,16.56,0,1,0
0,54034.45,37.6,14,8.75,1,1,3
0,59444.31,35.5,12,21.02,0,0,1
1,66480.43,27.2,13,26.96,1,0,0
1,72364.23,60.7,12,21.21,0,1,0
1,60543.13,42.6,14,14.96,1,0,1
1,61793.98,18.0,11,18.47,0,1,0
1,68756.02,37.2,15,25.81,0,1,0
1,54329.09,27.1,14,13.01,0,1,0
0,68266.97,45.2,15,16.69,0,1,1
1,52086.85,25.5,13,14.46,0,0,2
1,49120.57,33.6,14,7.34,1,1,0
0,69164.66,41.1,11,26.0,0,1,1
0,90196.73,45.4,13,46.0,0,1,1
0,42753.92,20.6,12,10.62,0,0,2
1,57753.98,31.0,9,26.61,1,1,1
0,45269.18,29.3,12,10.79,1,0,1
1,52914.54,27.2,10,17.57,1,1,2
1,84651.99,56.2,10,34.95,1,1,0
1,56942.21,39.9,13,12.68,0,0,1
0,52015.86,19.9,9,16.32,0,1,0
1,61760.91,46.0,16,6.68,0,0,0
0,61045.12,60.5,9,11.8,1,1,0
1,49453.23,47.4,11,6.34,1,0,2
1,60693.53,18.0,15,20.38,0,1,4
0,61038.11,29.2,12,24.92,0,0,0
1,64084.02,50.2,11,14.72,0,1,2
0,56277.33,26.5,9,18.97,0,1,2
1,65573.27,40.3,11,13.97,1,1,0
0,64667.98,44.3,11,23.81,0,1,0
0,55122.66,23.9,12,17.54,1,1,1
0,49760.4,34.3,11,6.09,0,1,3
0,65784.18,18.0,16,26.31,1,0,1
1,52910.03,22.7,9,13.53,1,0,2
1,51821.78,32.0,13,8.71,1,0,0
1,53136.65,20.0,15,13.2,1,0,1
0,66588.16,54.6,17,6.35,1,1,1
0,43351.29,18.0,10,8.8,1,1,2
1,59725.8,29.7,12,17.66,1,1,3
0,62987.42,36.6,16,18.42,1,0,1
1,65947.76,52.3,9,19.17,1,1,1
1,58481.62,18.0,17,16.47,1,1,0
0,59116.38,49.0,15,11.63,1,0,0
1,49955.37,35.1,10,16.0,1,1,0
1,50449.22,23.2,12,13.22,0,0,2
1,54519.21,40.5,11,7.29,0,0,2
0,55296.88,37.4,13,11.18,0,1,3
0,64092.12,27.8,14,25.66,0,1,0
0,78147.4,35.8,12,36.38,1,1,0
0,51747.93,30.4,7,22.77,0,0,3
0,79955.77,36.4,13,35.58,1,1,0
1,64297.54,42.9,12,17.16,0,0,1
1,83034.35,54.0,13,39.3,0,0,2
1,84797.5,20.1,13,45.94,1,1,0
0,59584.57,60.6,14,6.91,1,1,0
1,52118.65,18.0,12,18.37,0,0,0
0,57988.33,33.2,9,17.17,1,1,0
1,60983.15,42.1,13,13.3,1,0,1
1,70488.01,38.4,12,21.03,0,1,0
1,60303.67,27.5,13,16.79,0,0,1
1,57556.5,32.5,12,11.38,1,0,2
1,51685.6,29.1,9,16.23,0,0,1
0,69838.8,27.9,15,30.03,0,1,3
0,63373.98,45.2,13,18.02,0,1,1
0,61727.52,39.3,13,22.5,1,0,2
0,49258.28,26.7,13,14.32,1,1,2
1,70292.85,45.8,15,20.62,1,1,2
0,55166.33,38.7,13,8.98,0,0,1
1,60696.1,44.8,15,12.81,1,1,3
0,59023.08,42.6,13,15.62,0,1,0
0,53557.4,25.1,15,8.69,0,1,0
1,47207.97,28.3,6,10.86,0,0,1
0,53348.48,44.0,9,19.23,0,0,1
1,74683.99,42.3,16,17.55,1,1,1
1,61763.54,34.7,12,24.61,1,1,2
0,53953.76,36.4,12,12.18,0,1,0
1,68550.79,50.3,14,16.93,1,0,1
0,53674.94,27.9,12,11.75,1,1,2
1,68411.1,41.6,13,23.41,1,0,3
1,73474.14,32.6,16,29.83,0,1,1
0,54981.39,32.4,11,20.94,1,0,1
1,64670.0,48.2,7,27.96,0,1,2
0,59382.16,44.9,13,16.71,1,0,0
1,65864.05,44.8,8,24.6,0,1,2
1,64939.29,50.7,14,17.08,1,1,1
1,52102.86,35.3,15,9.85,0,0,1
1,63990.82,43.2,10,18.6,0,0,1
0,45840.67,31.3,9,10.0,1,1,1
1,82911.26,38.9,10,50.0,1,0,2
0,48735.93,33.4,10,13.91,1,0,1
1,66032.54,36.2,13,22.7,1,0,2
0,61195.45,42.1,8,16.34,0,1,1
1,44543.7,25.2,9,8.87,0,1,1
1,63823.06,60.1,17,6.36,0,1,1
1,63117.91,22.9,14,23.92,0,1,1
0,75487.75,20.4,14,35.68,1,0,1
1,65238.55,48.9,16,11.39,1,1,1
1,53294.57,44.5,8,7.18,1,1,1
1,45574.55,42.5,8,13.98,1,0,1
0,60619.63,42.5,17,10.29,1,0,2
0,53377.35,34.9,12,11.88,0,1,1
0,64786.42,24.2,13,22.31,0,1,2
0,54577.11,35.9,10,16.03,1,0,0
0,54492.47,26.9,15,10.86,0,1,1
0,67406.44,46.7,11,22.07,0,0,1
0,65847.65,33.2,12,22.95,0,0,1
0,55660.63,25.1,12,13.89,1,1,3
0,63225.41,31.1,15,17.62,0,0,0
1,65477.46,40.0,14,21.33,1,0,0
1,64039.24,28.2,14,20.35,1,1,1
0,55215.46,25.1,15,16.78,0,0,4
1,71057.0,37.9,10,33.66,1,0,0
1,55755.21,37.9,7,22.01,1,0,0
1,57091.21,28.9,16,13.13,1,0,2
0,65268.0,29.3,16,13.17,1,1,1
0,54220.6,37.8,10,12.44,0,1,0
1,57047.42,18.0,11,22.56,1,1,1
0,46768.15,18.1,12,12.04,0,1,0
0,47251.91,26.4,9,13.3,1,1,1
0,64296.25,32.4,11,27.91,1,0,1
0,63007.99,38.7,15,18.1,1,0,0
1,73337.35,52.7,11,29.94,0,0,1
0,67471.27,45.3,12,24.51,0,0,0
1,60242.45,33.1,17,9.13,0,0,0
1,64304.64,34.8,14,15.63,0,1,2
1,72331.89,23.0,17,26.98,0,0,1
0,54808.04,34.8,14,8.93,0,1,1
0,56272.62,31.5,11,20.28,0,0,1
0,57564.39,38.9,13,16.13,1,0,1
0,52673.78,25.1,14,6.84,0,1,0
1,63123.43,41.2,11,17.46,1,0,0
0,54662.11,53.4,10,10.82,1,1,0
1,54714.34,33.7,13,9.17,0,1,2
1,51476.71,39.8,9,16.52,1,0,4
1,56508.73,43.3,18,6.26,0,1,4
1,53267.06,30.2,14,11.74,1,1,1
0,76295.58,37.7,9,50.0,0,0,1
0,65257.97,35.2,16,22.76,0,0,1
0,55198.01,36.2,14,10.58,1,0,1
0,64550.75,25.7,13,33.18,0,0,2
1,56784.27,35.3,14,10.01,1,1,2
0,53780.59,41.0,9,12.47,0,1,3
0,55641.59,52.4,14,9.26,0,0,2
1,61279.54,46.5,11,18.69,0,0,1
0,81371.35,60.8,17,32.6,0,1,3
1,44961.28,25.8,10,9.98,0,0,2
0,59945.81,45.5,15,5.87,0,0,0
0,70874.44,37.2,14,28.37,0,0,1
1,91025.59,61.3,15,35.76,1,0,1
1,47232.07,25.3,12,6.06,0,1,1
0,55060.51,24.9,9,20.7,1,0,2
0,51889.0,27.8,11,18.42,0,0,1
0,44770.42,18.0,11,11.09,1,1,1
0,57325.61,28.7,13,8.19,0,0,1
0,62862.78,25.9,13,27.0,0,1,1
1,73966.31,36.8,17,17.98,0,1,0
0,61074.76,39.1,13,18.68,0,0,0
0,58663.89,57.5,13,12.05,1,1,1
1,52974.96,46.4,10,11.01,0,1,2
0,35238.7,28.1,6,5.0,1,0,1
0,43133.31,24.2,8,14.67,0,1,3
1,70935.03,40.9,8,33.76,0,1,0
0,35463.02,19.2,8,10.54,1,1,2
1,66820.04,57.0,16,7.68,0,1,0
0,54476.19,49.2,10,20.45,1,0,2
0,54568.26,29.4,9,22.42,0,0,1
0,35063.54,18.0,7,12.27,1,0,1
0,63102.06,51.2,12,13.81,0,0,0
0,53769.3,33.6,13,18.76,1,1,1
0,55278.62,49.9,10,15.21,1,0,0
1,63354.65,18.0,11,27.11,0,0,0
1,75918.91,27.8,8,50.0,0,0,3
0,47875.63,35.1,14,7.0,0,0,1
1,59251.57,35.6,9,30.41,1,0,3
1,62957.44,29.6,14,17.33,0,0,1
1,71893.77,42.5,9,32.92,0,1,1
0,59838.99,22.2,15,23.62,0,0,0
1,64396.82,33.3,13,16.96,0,1,1
0,68482.58,36.4,16,24.05,1,1,0
0,50182.35,41.2,10,13.5,1,1,4
1,53125.18,43.5,9,11.17,0,1,1
1,55827.6,21.5,9,24.67,1,1,2
1,43043.74,18.0,7,10.78,0,1,1
1,71087.31,50.3,13,22.67,0,0,0
0,66707.77,39.0,15,16.7,0,0,1
1,38343.96,26.0,9,5.13,1,0,1
0,60932.76,53.6,14,12.34,1,1,2
0,52977.61,36.4,9,19.44,1,0,1
1,56691.49,49.2,8,13.42,0,0,2
0,47708.04,35.8,9,5.0,0,1,1
1,77827.69,59.7,12,31.83,0,0,1
0,54726.34,56.1,8,17.9,1,0,1
1,66143.07,32.0,14,20.53,1,1,2
0,56960.87,46.7,16,12.98,1,0,1
0,59051.71,42.7,14,21.45,0,0,1
1,93823.73,51.4,13,41.16,0,1,1
0,46712.16,23.4,11,11.39,0,1,1
1,81042.45,43.2,14,37.85,0,1,1
1,63063.28,47.7,8,20.07,0,1,3
1,50403.99,18.0,10,10.65,0,1,0
1,82163.55,20.8,11,49.71,0,1,2
0,53214.29,18.0,9,20.0,1,1,1
1,56791.82,31.8,12,23.06,1,0,3
0,67889.08,43.6,15,14.37,0,1,0
0,55275.37,53.0,8,11.04,0,1,0
0,60707.99,35.9,12,17.88,0,1,1
1,88132.64,54.5,16,36.26,1,1,0
1,42684.69,18.4,9,14.09,1,1,1
1,53280.46,18.0,11,16.23,1,1,0
1,72541.51,34.3,13,34.06,1,1,0
1,55545.96,39.6,12,14.15,0,0,0
1,62410.19,34.6,14,21.22,0,0,3
0,68776.29,18.0,16,25.5,0,1,1
1,65534.44,33.9,16,14.9,0,1,0
1,51080.82,19.3,7,19.2,1,0,0
0,59381.1,43.0,10,22.89,0,0,1
1,62607.22,39.4,13,13.46,0,1,0
0,67800.62,23.7,18,24.73,0,0,1
1,61261.15,28.8,16,12.51,1,0,0
1,53525.46,22.3,10,11.73,0,1,0
1,53846.85,34.2,14,7.66,1,0,1
1,49926.6,46.5,6,12.78,0,0,0
1,52959.8,23.2,13,10.94,0,0,1
1,65193.77,41.0,15,13.46,0,1,1
0,60814.24,28.6,12,22.33,1,1,0
0,48769.3,25.5,14,6.94,0,1,2
1,53128.5,33.7,15,6.13,1,1,1
1,57707.85,22.6,16,11.31,0,0,0
1,61107.29,28.4,15,20.71,0,0,1
0,48632.23,20.6,10,19.0,1,0,2
1,60314.21,58.6,9,11.22,0,0,1
1,72147.25,35.4,12,29.51,1,1,0
0,53974.67,26.6,18,11.83,1,0,2
1,66899.49,37.6,14,20.72,0,0,0
1,67728.14,33.7,15,13.72,1,1,0
1,55487.26,32.3,13,10.65,0,0,3
1,59503.41,42.4,13,12.15,0,1,1
0,68138.45,44.1,12,23.74,0,0,2
1,64416.08,28.6,10,19.7,1,1,2
1,70312.59,28.1,13,26.68,0,1,2
0,46573.16,31.7,9,19.7,1,0,2
1,47834.98,18.0,12,7.35,1,0,0
1,89312.75,18.0,16,47.33,0,1,0
0,61599.1,51.4,14,19.84,0,1,3
0,75249.88,54.7,15,21.27,0,1,1
0,49890.56,32.0,10,13.62,0,0,0
1,68417.42,41.9,7,28.69,0,0,1
1,49336.0,38.7,9,9.52,1,0,2
0,72875.53,65.0,13,22.31,1,1,2
0,54261.25,48.4,14,5.81,1,0,2
0,69139.14,33.5,15,23.07,1,1,0
1,49563.38,23.5,11,9.59,1,0,0
1,61570.35,18.0,17,18.89,0,1,0
1,70732.58,37.4,11,32.42,1,1,2
1,62245.36,25.9,13,24.81,1,0,2
1,61477.81,18.0,6,30.33,0,1,4
0,58666.44,27.2,8,28.8,1,0,0
1,51970.32,22.0,14,12.65,0,0,2
1,69370.27,55.2,14,22.18,1,1,2
1,57536.23,45.6,12,6.94,1,1,1
1,61378.26,34.9,19,11.66,1,0,1
1,81727.97,52.8,14,32.99,0,0,1
1,60713.34,35.9,14,13.56,1,1,0
1,59233.38,24.7,16,6.46,0,1,0
1,79822.78,53.3,10,45.01,0,0,3
1,66860.04,41.5,11,21.78,1,0,1
0,65496.87,22.6,14,24.1,1,1,1
0,52051.24,32.7,14,10.07,1,1,3
1,52430.09,24.5,10,18.95,0,0,1
0,56268.93,18.4,10,18.7,0,0,0
0,51850.67,46.1,12,10.91,1,0,0
0,63877.83,57.9,13,15.11,0,0,2
1,47197.77,18.2,11,7.77,0,0,0
1,62380.7,41.8,15,13.83,1,1,2
0,58910.04,27.2,8,26.76,0,0,0
0,38010.68,29.2,6,11.32,1,1,4
1,84590.29,27.9,13,42.68,0,0,0
0,44332.18,24.6,11,8.02,0,1,1
0,53793.84,35.6,11,14.44,0,1,3
1,45240.2,25.0,10,11.84,0,0,2
1,60400.0,38.2,11,15.03,0,0,1
0,69600.67,34.4,7,32.65,0,1,0
1,57417.73,32.1,11,10.05,0,0,2
0,59635.32,24.1,15,13.12,0,1,2
1,59385.65,28.1,9,22.81,0,1,1
0,64507.57,44.1,15,17.23,0,0,0
0,65194.55,41.0,15,17.95,0,1,0
1,48755.45,23.3,14,10.15,1,0,0
1,59438.14,36.2,12,15.87,1,1,0
0,75596.35,44.0,15,28.96,1,0,0
0,48682.22,18.0,17,7.35,0,0,1
1,48776.66,41.5,10,11.6,1,1,1
1,44383.34,27.0,11,6.63,1,1,1
0,68216.29,41.8,15,21.51,1,0,1
1,59056.81,25.8,10,30.35,0,0,3
0,50486.96,18.0,13,15.0,1,1,2
1,47733.98,18.0,12,9.95,1,1,3
0,44521.79,35.6,7,10.09,1,1,3
0,64478.72,38.1,17,14.17,0,1,3
0,46763.41,24.1,7,14.15,0,1,1
0,60607.59,42.7,7,25.94,0,1,0
0,38982.49,18.0,8,11.77,0,0,0
0,65319.06,34.2,15,20.44,1,0,1
0,39641.47,20.5,9,14.12,0,0,2
0,61562.68,27.2,18,11.33,0,0,0
1,58462.61,35.6,12,13.94,0,0,5
0,56979.32,24.7,9,19.46,0,0,3
1,60814.07,30.4,11,25.98,0,0,3
0,54040.51,47.1,11,14.5,1,0,1
0,46288.98,28.1,11,9.01,1,0,0
1,76414.75,45.0,15,27.11,0,1,0
1,52683.17,21.4,12,10.5,0,0,1
0,65962.96,41.4,15,18.74,0,0,1
0,55627.38,52.3,9,16.24,0,0,1
1,55645.9,18.0,15,15.19,1,0,0
1,50816.23,25.4,9,12.89,1,0,2
1,59933.37,41.9,11,22.42,1,0,0
0,47067.94,32.6,12,5.0,1,1,0
0,71722.1,39.5,14,29.03,0,0,2
1,56400.78,27.8,17,10.42,1,1,0
1,46674.04,36.0,9,20.17,1,0,1
1,62979.77,33.1,10,19.64,1,0,0
1,80350.2,49.0,15,31.11,0,1,1
1,58625.34,38.1,12,18.15,1,1,0
0,58667.75,39.1,15,10.86,1,0,2
0,43789.53,30.1,10,7.37,1,1,3
1,54041.81,29.1,12,13.81,0,1,1
0,44993.97,29.8,11,6.18,1,0,1
0,61682.86,39.7,16,12.01,1,1,0
0,47509.92,29.9,9,14.21,1,1,1
0,49551.89,38.5,12,11.65,1,0,2
0,63826.41,59.9,13,16.79,1,1,0
1,66207.26,45.5,13,14.61,0,1,0
0,43248.81,31.1,9,13.96,1,0,2
1,57052.26,49.4,16,5.0,0,0,0
0,40220.48,30.1,7,8.61,1,0,1
0,53917.84,18.0,8,22.68,0,0,2
1,67065.01,22.9,16,24.58,0,0,1
1,44687.85,18.0,9,6.56,1,1,1
0,47795.06,30.8,10,10.94,1,1,3
1,67240.43,35.2,8,28.11,1,1,1
0,63535.3,55.1,11,11.48,1,1,1
1,59168.92,38.9,14,15.55,1,0,2
0,63805.31,32.4,8,33.81,0,0,0
0,60986.36,45.0,13,13.72,0,1,1
1,52840.21,18.0,13,12.78,0,0,3
1,67218.81,37.8,17,15.2,0,1,1
0,85877.51,44.3,16,41.54,0,1,0
1,54441.27,18.0,11,20.55,1,0,2
0,72194.37,48.7,14,16.6,1,1,0
1,64781.89,39.1,17,12.65,0,1,3
0,56995.98,30.0,14,21.53,0,1,3
1,64002.69,42.6,10,22.87,1,1,0
0,52907.34,62.2,8,9.62,0,0,1
0,63777.45,37.2,13,23.18,0,0,0
1,61007.54,38.0,14,15.25,1,1,3
1,61314.44,29.5,14,16.65,1,1,2
1,49179.27,24.8,9,10.57,0,0,1
0,64036.81,45.0,17,13.46,1,0,1
1,57017.6,24.7,14,9.82,0,1,2
1,51180.71,35.9,14,9.59,1,1,4
1,60553.89,29.3,13,19.86,0,0,0
1,60096.9,40.7,12,13.77,0,0,0
0,50338.8,39.0,10,8.59,1,1,0
1,88349.33,47.5,14,48.84,0,0,0
1,55796.34,28.9,16,9.37,1,1,1
0,61715.61,31.8,10,28.39,0,1,0
1,51671.34,23.3,10,7.86,0,1,0
1,53195.41,29.7,11,20.66,0,0,2
1,57774.76,39.5,13,14.51,0,1,1
0,55586.51,44.1,11,12.01,1,1,2
1,63603.06,23.9,15,18.14,0,1,2
0,58449.01,45.4,15,16.96,1,0,1
1,67877.84,51.3,16,10.95,1,1,0
1,57735.91,40.0,12,10.71,1,1,0
1,68890.98,57.5,17,7.49,0,1,0
0,50759.07,25.7,9,19.16,1,0,0
1,48075.74,20.1,9,8.79,0,1,1
1,63516.82,18.0,17,16.48,0,1,1
0,70493.19,53.0,14,22.11,0,1,5
1,62011.39,42.9,11,18.25,0,0,1
1,50729.41,34.3,9,11.46,0,0,1
1,65472.4,38.4,12,25.9,1,0,2
0,55866.88,21.5,17,13.41,0,0,5
0,63032.53,64.3,13,8.44,0,0,0
1,58625.84,36.6,8,14.27,1,1,3
0,58620.74,36.3,9,22.05,0,0,0
0,61135.02,43.7,14,11.74,0,1,1
1,75463.58,40.8,13,25.51,0,1,0
0,53445.72,37.7,12,11.19,1,0,0
1,54363.76,25.5,14,11.98,0,1,0
1,54857.67,40.7,12,9.75,0,1,1
1,77923.7,57.6,11,23.15,0,1,0
1,57280.54,51.1,10,16.01,1,0,2
0,52506.41,54.1,7,10.08,1,1,0
0,51484.92,28.9,14,13.49,1,0,0
1,57790.3,23.1,18,5.0,0,0,0
0,59577.71,33.5,11,24.26,0,0,0
1,62521.7,35.7,14,15.1,0,1,1
1,48921.3,48.1,9,5.0,0,0,2
0,53264.99,18.0,16,7.94,0,1,2
1,68153.09,53.4,15,13.32,0,1,1
0,57480.46,33.1,14,8.52,0,1,0
0,67489.9,29.9,16,24.45,1,0,2
1,65117.89,22.9,16,20.27,0,1,2
1,58847.77,18.0,13,19.68,1,1,4
1,58055.59,44.9,13,5.0,0,1,1
0,60687.66,35.9,16,12.65,0,1,0
0,53716.75,19.5,17,11.6,0,0,1
0,52658.78,19.5,13,10.21,0,0,1
0,59099.6,31.0,15,13.36,0,0,1
0,56712.94,55.0,10,9.36,0,1,1
1,51679.78,31.9,7,18.31,1,1,1
1,56023.63,18.0,14,24.13,1,0,1
0,62223.96,32.1,12,23.11,0,1,0
0,56939.34,31.7,15,15.35,1,0,0
1,76716.38,18.0,14,44.68,1,1,3
1,72228.58,34.3,14,29.08,1,0,2
1,56828.12,32.2,7,15.63,1,1,1
0,58671.64,43.4,10,12.92,0,1,0
0,72523.14,57.2,11,32.11,0,0,0
1,74575.96,48.5,13,27.22,0,0,0
1,49365.3,31.8,10,8.12,0,1,1
0,52134.28,21.7,9,28.3,0,0,0
1,68220.57,65.0,14,15.22,1,0,1
0,51049.38,35.7,8,10.69,1,1,0
0,49436.36,35.2,13,6.11,1,1,1
1,59406.49,34.7,11,14.38,1,1,1
0,53791.82,37.4,11,16.34,1,1,2
1,77670.52,33.3,15,36.37,1,0,3
0,67935.25,28.1,16,26.54,0,1,4
0,48931.16,28.4,7,12.29,0,1,3
0,52425.15,34.6,7,19.98,0,1,1
0,64801.82,28.5,15,24.86,1,1,1
0,64581.68,26.4,15,17.17,0,1,2
1,53768.37,36.3,11,12.26,1,1,2
1,60102.85,31.9,14,12.6,0,1,1
0,67657.62,53.0,15,19.94,0,0,0
0,52845.35,18.0,9,20.22,1,1,2
1,69348.89,48.1,15,14.2,0,0,0
0,47962.32,50.0,10,5.0,0,1,2
0,54939.52,18.0,16,8.63,0,1,0
0,58617.84,30.9,9,22.42,0,1,2
1,55575.5,30.5,17,5.67,1,1,2
0,60792.16,18.1,9,29.73,0,0,3
1,63428.79,25.7,9,27.61,1,0,3
0,43872.83,21.7,8,16.79,0,0,1
0,76174.15,56.0,16,22.17,1,0,0
0,71525.36,46.2,15,21.42,0,1,1
1,62058.08,50.3,10,15.51,1,1,1
1,46659.97,43.7,7,8.27,1,0,2
0,58826.61,21.5,14,26.67,0,0,1
0,66049.1,28.7,11,33.24,1,0,1
1,58443.07,40.9,13,8.99,1,1,0
1,53532.08,20.3,10,8.12,0,1,1
0,55830.41,43.6,12,15.36,0,0,1
1,55643.43,32.1,16,12.02,1,1,1
0,49257.7,30.5,10,17.68,1,1,3
0,74900.41,43.5,11,30.08,0,1,1
0,49536.27,40.3,13,5.35,0,0,0
1,81468.53,30.7,15,36.26,1,1,1
0,50427.49,48.9,8,13.42,1,0,2
1,52087.69,22.0,8,21.24,1,1,1
1,69249.73,42.4,10,22.41,0,0,2
1,76759.63,42.1,18,23.75,1,0,2
0,57916.39,31.3,13,16.96,0,1,2
0,61415.35,38.9,11,19.06,0,0,0
1,54510.73,20.0,9,19.0,1,1,0
1,65383.65,46.1,15,12.0,1,1,0
1,49191.75,32.8,7,6.83,0,0,2
0,40210.38,28.7,8,8.94,0,1,0
0,62188.13,47.6,15,15.61,1,1,4
1,56931.74,26.5,14,11.1,0,1,0
0,55320.19,18.1,16,11.11,1,1,0
1,64043.4,18.0,9,40.43,1,0,0
0,61144.98,42.3,6,25.27,0,1,1
0,48526.39,19.6,14,14.5,1,0,1
0,70477.48,56.1,17,23.01,1,0,1
0,44810.03,18.0,9,13.33,1,1,0
0,69698.33,55.4,12,17.38,1,1,1
1,65073.95,37.5,8,20.51,1,0,0
0,52293.99,33.8,10,13.35,0,1,4
0,54663.0,28.5,14,11.67,0,1,1
1,76993.29,39.8,15,30.32,1,1,0
0,59253.36,34.5,10,22.36,0,0,0
0,54132.28,48.2,11,5.33,0,0,1
1,55521.52,36.4,14,11.77,1,1,1
1,63327.07,36.8,15,11.13,1,1,1
0,45554.32,30.6,11,12.05,0,0,1
0,56100.34,34.3,9,25.31,1,0,1
1,66883.03,38.7,18,16.6,1,0,0
0,48200.34,18.0,14,8.21,0,0,2
1,56995.84,18.8,15,13.58,1,1,0
1,62917.77,43.9,9,21.56,0,0,0
1,55528.49,37.1,9,14.73,0,1,3
0,50806.12,32.8,14,11.91,0,1,4
0,56316.99,35.2,10,19.41,0,0,3
1,80637.77,39.2,12,36.93,0,1,0
0,69654.41,28.5,18,20.71,1,0,1
0,63951.48,25.7,7,31.52,1,1,2
1,53457.8,37.4,9,12.32,1,0,0
0,57813.22,23.3,13,16.38,1,0,0
0,56993.25,39.9,10,16.21,0,1,0
1,47684.43,18.0,11,17.45,0,0,3
0,71485.51,47.3,15,20.5,1,1,1
0,61229.19,40.7,16,10.39,0,0,1
0,66107.24,38.1,13,22.73,0,1,0
1,58470.39,46.8,15,7.29,1,0,0
0,62675.9,55.0,14,8.43,0,1,0
0,88409.15,47.2,14,47.84,1,1,0
1,56688.17,18.0,14,12.74,0,1,1
1,54163.56,19.6,9,23.68,0,1,4
0,72074.61,27.5,14,38.44,0,0,1
1,49877.89,35.3,17,5.17,1,0,3
0,77699.14,41.2,14,28.88,0,0,1
1,60397.97,26.3,9,22.75,0,1,0
0,72673.12,37.2,9,37.34,1,1,3
0,48777.29,25.9,15,9.11,1,1,3
1,73604.08,27.7,15,33.98,0,0,1
0,47180.28,18.1,11,11.36,0,0,1
0,68882.54,23.9,12,27.87,0,1,0
0,54247.35,18.8,15,16.15,1,1,2
1,59644.57,23.3,11,24.18,1,1,2
0,56398.38,47.6,11,16.85,0,0,1
0,38964.7,23.6,9,6.56,1,0,1
0,52940.45,65.0,12,5.0,0,0,1
0,59077.3,40.9,13,18.26,0,1,0
0,57471.87,37.2,13,14.41,0,0,1
0,58475.84,24.7,12,20.07,0,0,0
0,59201.37,43.4,14,14.5,0,1,0
0,67489.87,28.1,6,45.11,0,1,2
1,61624.16,36.5,13,18.45,1,1,3
1,69355.47,65.0,10,13.15,0,1,2
1,54917.29,33.8,15,19.47,1,0,2
0,65589.96,48.8,15,13.27,0,1,1
1,57082.64,26.6,10,17.23,0,0,0
0,46894.81,34.6,11,8.95,0,0,0
1,67417.75,56.2,14,16.37,0,1,3
0,54601.66,27.5,14,12.95,0,0,2
0,60440.3,56.7,13,9.38,0,1,1
0,94474.8,43.5,16,44.16,0,1,0
0,44435.22,28.3,8,9.57,0,1,2
1,72561.95,42.6,18,16.5,1,1,0
1,58290.7,46.7,10,11.01,1,1,0
1,74001.03,42.5,17,19.08,0,1,0
1,49144.95,18.0,13,8.7,0,1,0
0,61511.94,26.3,11,25.03,0,1,1
0,75325.56,32.0,11,45.52,1,0,2
1,58459.33,34.1,15,10.81,0,1,0
1,72855.81,42.4,10,30.22,0,0,0
1,57226.23,37.1,15,13.59,0,1,1
0,77165.04,19.0,17,34.91,1,0,0
1,86507.79,39.6,16,49.12,0,1,0
1,60349.98,42.3,15,14.63,1,0,4
0,55990.4,41.7,12,7.69,0,1,1
0,62459.99,48.0,11,26.42,1,0,0
0,64991.25,45.0,13,18.4,1,1,0
1,70021.13,40.5,14,21.13,0,1,0
0,55827.18,34.2,13,13.87,1,0,0
0,44807.64,18.0,10,10.57,0,1,0
0,61651.44,40.2,8,29.38,1,1,1
1,55375.81,37.5,10,19.3,1,1,2
0,48557.93,38.3,11,7.99,0,0,1
0,57702.98,19.7,11,23.18,1,0,0
1,53307.14,22.0,7,20.97,0,1,0
1,54500.08,47.6,8,13.98,0,0,2
0,76696.67,34.5,10,36.96,0,1,0
1,59664.07,43.2,13,12.07,1,1,1
1,55304.29,35.3,9,15.11,0,0,1
0,65535.04,35.4,13,24.15,0,0,1
0,58555.84,46.3,12,17.09,1,0,1
0,54270.02,28.8,14,8.23,0,1,2
0,60736.26,36.2,12,18.03,0,1,5
0,47740.3,29.5,7,13.37,0,1,4
1,73495.99,29.8,16,25.24,0,1,3
0,54827.81,31.3,15,17.74,0,1,4
1,49909.75,37.7,6,17.24,0,0,0
0,47522.21,29.3,13,9.74,1,0,2
1,60007.34,50.1,11,14.66,1,1,0
0,60987.38,24.3,13,26.71,0,1,4
1,61242.09,32.8,16,11.15,0,0,1
1,60767.43,29.7,13,16.18,0,1,1
1,58392.19,52.4,13,10.3,1,0,2
0,47809.48,37.4,9,9.1,0,1,1
1,59455.65,47.4,9,15.76,0,1,1
1,52199.75,18.0,11,17.94,1,0,0
1,87266.53,38.2,12,44.56,0,1,1
0,55886.42,45.7,14,13.1,0,1,2
1,63043.45,36.0,11,16.04,1,1,0
0,65258.25,47.8,16,8.8,1,0,2
1,57739.52,28.8,6,22.33,0,0,2
1,65273.18,51.9,12,20.07,1,1,0
0,79005.95,62.6,12,34.61,0,1,2
0,69228.76,30.6,14,28.67,1,0,2
0,52832.95,29.7,9,19.6,0,1,3
1,60085.29,52.4,13,13.0,1,0,1
0,54956.81,54.0,6,18.22,1,1,1
0,54197.53,28.7,14,15.56,1,1,1
1,61256.81,30.0,10,26.49,1,0,2
0,61252.06,31.6,13,24.86,0,1,2
0,48170.94,18.9,10,14.18,0,0,2
1,51782.08,24.0,15,7.92,0,1,1
0,75164.13,23.0,18,32.03,1,1,1
0,51000.75,25.8,9,22.0,1,0,1
0,56734.71,34.6,12,14.02,0,1,2
1,67014.43,37.8,14,21.57,1,0,3
1,70035.19,53.6,15,17.07,1,1,2
0,63240.98,23.0,13,31.79,1,0,1
0,46366.73,46.8,10,6.27,1,0,0
0,69595.47,32.4,18,13.48,0,1,4
1,78579.88,34.4,13,36.58,0,0,0
0,57270.36,43.1,9,21.79,0,0,2
1,74852.56,21.5,14,39.9,0,1,2
0,47201.56,39.6,13,8.93,1,0,2
1,77971.32,37.0,18,28.11,1,0,2
1,70307.61,40.9,14,27.28,1,1,2
1,59715.31,38.5,14,7.09,1,1,0
0,74170.2,64.5,16,14.19,0,1,0
1,59547.04,27.3,10,15.59,0,1,1
0,46218.65,28.6,10,7.32,0,0,1
0,47595.11,27.5,8,14.33,0,1,1
0,62905.48,28.3,13,25.45,0,0,1
1,58742.51,27.4,14,13.52,0,1,1
1,70453.76,49.3,16,18.56,0,1,1
1,55136.16,52.0,7,18.63,0,0,0
1,52727.18,28.2,13,16.35,1,1,1
0,45526.7,25.0,7,11.56,0,1,2
1,66015.21,40.7,12,22.86,0,1,3
1,53493.48,28.4,11,7.44,0,1,1
1,59359.56,42.6,11,16.52,1,1,2
0,77527.88,37.4,18,32.88,0,0,4
1,52939.71,18.0,9,13.15,0,1,0
1,62832.0,53.6,11,11.43,1,0,1
1,70317.11,56.6,13,23.64,1,0,1
0,51569.61,27.6,12,17.84,1,1,4
1,71879.52,30.3,14,23.87,0,1,0
1,60778.56,38.4,13,16.76,0,0,1
0,49748.33,39.0,14,5.0,0,0,1
0,75903.11,42.9,17,29.66,1,1,2
0,88616.07,59.1,13,46.29,0,1,1
1,70197.66,32.9,9,31.25,0,1,2
0,48111.44,25.4,16,5.0,0,1,1
0,62324.77,18.4,17,20.61,0,0,1
1,56722.17,26.2,14,13.02,0,0,1
1,52973.17,34.6,12,9.56,1,1,0
0,60210.12,56.5,7,17.49,1,0,0
0,57543.16,28.8,13,15.26,0,0,1
1,68367.72,37.7,16,21.21,0,1,2
1,64865.88,34.8,16,16.92,1,1,1
0,53472.7,49.3,9,9.39,0,0,0
1,70367.43,65.0,17,12.33,0,0,2
0,63389.99,28.6,18,11.37,0,0,1
1,54374.14,29.1,14,6.97,1,1,2
0,56643.85,47.5,13,8.28,1,1,1
0,58525.73,43.2,12,14.8,1,1,2
0,84903.72,57.2,11,33.51,0,0,0
0,54111.89,42.0,14,12.58,0,0,3
1,52892.39,30.7,13,11.26,1,1,0
1,59625.86,42.1,17,9.11,0,0,3
1,70789.66,48.3,16,16.7,1,0,2
0,58786.05,44.8,10,29.65,1,0,0
0,81423.47,41.1,16,44.76,0,0,0
0,61814.43,47.8,12,18.97,1,1,1
0,63179.51,49.0,9,17.64,0,0,1
1,55803.35,51.6,7,12.53,1,1,1
0,54746.03,42.8,12,13.62,0,1,1
1,69502.33,33.0,15,22.52,0,0,1
1,63567.15,36.8,15,14.05,1,0,4
0,58057.77,49.5,13,15.16,1,1,5
1,60219.34,25.2,14,16.24,0,0,0
0,51088.29,39.4,10,12.24,1,0,0
0,59472.42,30.3,14,15.84,0,0,0
1,48588.53,35.3,11,5.99,0,1,4
0,60798.15,50.3,8,21.64,0,0,1
0,81203.36,37.3,8,50.0,0,1,3
1,56116.61,35.6,9,12.48,0,1,1
0,55597.1,18.7,15,19.82,0,1,1
1,70577.19,44.0,16,25.17,0,1,2
0,64708.3,42.7,10,31.19,0,0,2
0,69617.22,61.0,15,14.41,0,1,1
1,55002.29,31.3,15,6.67,1,0,0
1,56550.89,37.6,9,18.8,0,1,1
0,52900.11,38.0,9,17.54,1,0,2
0,65583.63,53.9,15,13.83,1,0,2
1,62707.56,33.9,15,15.38,1,0,0
0,60260.59,38.3,15,17.67,1,0,1
1,61037.86,42.3,12,19.71,1,0,2
1,58204.3,37.2,13,19.3,0,0,3
1,67706.88,29.6,18,14.75,0,0,3
1,67683.82,37.3,14,19.93,1,1,0
1,51560.77,47.9,9,14.26,1,0,1
1,67053.59,22.7,14,22.67,1,1,2
1,64282.2,36.6,16,12.02,0,1,2
1,61817.07,26.6,15,17.06,1,0,3
0,50467.85,49.3,10,7.3,0,1,1
0,55077.19,18.0,17,13.67,0,0,1
1,57657.21,28.3,10,21.84,0,1,2
1,65164.67,39.5,15,9.81,1,1,2
0,60842.91,53.8,13,14.01,1,1,1
0,41897.66,34.2,9,5.0,0,1,0
1,48995.47,28.3,13,8.3,1,0,0
1,64124.13,57.6,15,9.46,0,1,2
0,58410.2,18.0,12,17.3,0,1,1
1,62488.82,18.0,15,19.43,0,1,1
1,67041.81,40.3,13,15.99,0,1,1
1,61923.44,29.0,17,13.58,0,0,1
1,48936.14,22.7,8,13.61,0,1,2
0,66741.78,43.5,16,23.52,1,0,0
1,66715.42,37.9,14,18.29,1,0,2
1,53884.07,28.2,9,13.92,0,0,1
1,69474.77,19.6,12,31.4,0,0,1
0,88293.91,45.5,14,43.6,0,1,2
0,54767.14,42.8,14,8.82,0,1,2
0,66521.46,33.8,16,21.35,0,0,1
0,95908.48,57.2,14,50.0,0,0,1
1,55716.9,22.2,9,18.92,1,0,0
1,51594.69,18.0,10,17.42,1,0,1
1,62548.67,26.7,11,15.99,0,1,1
1,66203.08,34.5,12,21.01,0,1,1
0,66530.4,37.9,12,23.99,0,0,2
1,50551.45,32.1,11,8.83,1,0,1
1,62277.63,39.2,13,16.23,0,1,0
1,47085.26,20.0,11,5.29,0,0,1
1,61247.79,52.3,9,14.81,1,1,3
1,58187.3,34.0,14,10.47,0,1,3
1,58645.52,48.4,8,19.48,0,0,0
0,55513.63,39.1,14,7.18,0,0,2
1,58661.72,40.5,13,12.73,0,1,0
1,72908.65,41.8,12,26.66,0,1,2
0,54701.83,40.4,14,11.73,0,1,3
1,53310.74,42.7,14,6.34,0,0,0
1,72916.47,50.9,16,18.7,0,1,1
1,53376.46,37.4,9,12.26,1,0,1
1,58588.37,43.5,10,14.99,0,0,1
1,48521.57,33.9,8,11.42,0,0,0
0,92330.12,52.3,15,44.13,1,1,1
0,44017.94,26.9,11,7.55,1,0,2
1,88563.51,56.6,10,50.0,1,1,2
1,55785.94,34.5,11,13.53,0,1,2
1,54241.63,18.0,12,18.02,0,1,2
0,66210.8,36.5,18,12.34,1,1,2
0,50785.34,26.8,14,12.08,1,0,0
1,61245.65,45.1,10,11.11,0,1,3
0,54945.14,27.2,11,22.21,1,1,2
1,58313.96,29.6,17,8.12,0,0,0
1,59502.0,18.0,15,19.73,1,1,5
1,49992.57,29.6,15,5.52,1,0,2
0,50029.56,18.0,8,18.85,1,1,1
1,63933.05,18.0,12,25.14,1,1,2
1,59368.37,44.1,15,8.69,1,0,2
0,58608.7,44.4,9,23.09,0,1,1
0,58015.84,40.1,14,16.87,0,0,0
0,64080.04,23.4,10,36.57,0,1,1
0,47174.43,34.4,9,10.72,0,1,3
1,90333.06,35.0,11,50.0,1,1,0
1,44781.14,21.1,10,5.0,0,1,1
1,73198.97,53.0,15,13.95,0,1,3
1,54285.86,45.5,13,7.03,1,0,1
1,78558.12,32.3,12,41.49,1,1,0
0,62926.26,35.3,15,14.43,0,1,1
1,62974.18,37.5,15,15.09,0,1,1
1,54609.82,18.0,9,20.52,0,0,0
1,44243.72,32.0,6,16.41,1,0,1
1,56867.53,26.8,17,12.22,0,0,0
1,43283.84,23.0,12,8.77,1,0,1
1,55804.0,31.6,6,17.89,0,1,1
1,69084.19,56.6,15,19.87,0,1,2
0,75667.8,42.7,18,23.28,1,0,2
1,77058.06,28.1,12,42.79,0,0,2
1,59717.77,41.9,14,5.55,0,1,1
0,56315.45,51.8,9,15.9,0,1,1
0,65330.72,46.1,11,29.84,0,0,1
1,52358.57,35.7,8,15.45,0,0,1
0,50450.41,27.2,13,5.11,0,1,3
0,56757.48,43.4,11,8.62,0,0,2
1,67478.22,39.7,14,19.38,0,1,3
1,58475.42,45.7,10,19.03,1,1,2
1,64707.86,42.6,13,23.02,1,1,3
0,48716.09,47.6,9,11.13,0,1,1
0,60666.87,28.6,15,18.73,1,1,2
0,53609.19,50.8,11,10.25,0,0,1
0,60783.32,37.4,12,18.73,0,1,0
0,56261.11,59.9,9,16.89,0,0,1
1,49475.86,26.7,11,10.91,0,1,1
1,80317.43,55.8,11,35.84,0,1,3
0,48772.84,37.4,11,7.01,0,0,2
0,52856.75,27.2,15,15.32,1,0,1
1,50473.57,29.2,10,10.79,1,0,1
1,77775.59,31.2,11,41.14,0,0,2
0,50778.82,40.1,8,22.18,1,1,0
1,58284.77,41.3,9,11.89,1,1,3
0,59979.95,28.1,16,14.3,1,0,0
0,86644.97,34.7,17,41.71,0,0,1
0,53346.12,60.7,10,10.25,0,0,0
1,63368.18,55.7,15,6.81,0,0,1
0,58493.18,40.2,9,19.02,0,0,0
0,60571.54,35.5,14,19.24,1,1,1
0,72126.22,36.4,17,22.94,0,0,0
1,65510.72,42.4,11,23.02,0,0,0
0,64352.77,22.7,9,39.86,1,0,0
0,47556.29,31.9,12,6.97,1,1,2
0,52114.72,18.0,15,9.01,0,1,1
0,66348.75,39.8,14,22.9,1,1,0
1,60650.27,42.8,16,9.46,0,1,0
0,40790.07,29.2,7,7.94,0,0,2
0,84286.56,53.9,11,41.8,0,1,1
1,53641.7,20.3,16,7.32,1,1,1
0,50583.97,18.0,16,13.8,1,1,2
0,50825.2,37.7,10,15.96,0,0,3
0,78052.98,47.6,16,31.64,0,1,0
1,60910.95,55.2,10,6.46,0,1,2
1,58855.57,29.5,9,20.24,0,1,1
1,63070.68,47.9,15,10.54,0,1,1
1,64265.93,34.5,12,22.51,0,1,1
1,54856.16,32.9,13,10.45,1,1,3
1,81718.87,45.6,15,36.09,1,0,2
1,46369.91,42.8,6,10.48,0,1,0
0,38590.5,18.0,8,5.0,0,1,1
0,52669.6,52.7,10,11.08,0,0,1
1,64006.46,51.6,11,14.43,0,1,1
1,66868.99,27.5,11,28.25,1,0,0
0,56350.52,39.7,16,8.77,1,1,1
1,48256.18,40.9,10,8.85,0,0,1
0,68791.99,38.1,16,26.58,0,0,4
0,53494.47,28.4,14,8.27,1,0,1
0,52118.66,26.9,9,15.04,0,1,2
1,61140.96,34.7,15,15.19,1,1,1
0,60484.98,49.1,11,18.33,0,1,1
1,48111.95,41.5,7,11.3,1,0,1
1,53434.63,30.6,16,10.34,0,0,2
1,66317.16,44.3,11,19.44,1,1,0
0,58207.52,18.0,17,10.51,1,1,0
1,55624.47,48.8,11,8.33,0,1,2
0,58204.76,18.0,10,30.38,1,1,2
0,53892.42,30.7,10,20.99,1,1,2
1,75007.4,21.6,14,39.8,0,1,2
0,58602.95,19.5,15,24.34,0,0,4
0,54191.52,48.9,12,8.72,0,0,0
0,58480.61,29.4,13,17.26,0,0,2
1,60783.77,39.2,13,9.9,0,1,0
0,47075.67,34.4,13,7.2,1,0,0
1,63109.89,40.7,16,13.15,0,0,1
1,70012.54,35.9,12,26.86,1,1,2
1,52612.37,19.6,11,18.87,0,0,0
1,57835.46,47.0,11,8.2,0,1,0
0,54699.96,29.1,10,12.92,0,1,0
0,47414.07,18.0,9,15.31,0,1,0
0,41558.72,29.9,11,7.07,0,1,1
0,72143.26,53.0,20,23.49,0,0,0
1,62928.84,45.2,11,14.67,0,1,0
0,51628.13,30.8,13,8.2,1,1,0
0,40686.52,30.8,7,7.98,1,1,4
1,67587.93,31.1,11,28.51,0,0,1
1,54427.72,59.9,7,13.59,1,1,1
1,69879.47,39.6,14,29.82,1,0,1
1,79268.78,40.2,14,36.09,0,0,1
1,73407.43,47.4,11,27.42,1,1,1
1,53007.99,37.9,9,12.59,1,1,2
0,45770.62,31.9,15,5.0,0,0,2
1,62145.74,32.6,12,19.23,0,1,3
1,81332.08,34.1,11,46.8,0,1,2
0,51116.23,34.6,11,16.16,0,0,1
0,46032.99,43.7,12,6.08,1,1,0
1,59683.48,35.6,13,11.73,0,1,2
1,62528.64,43.8,14,15.0,1,1,0
0,53367.34,34.0,13,9.5,1,1,1
0,44231.77,35.9,11,5.0,1,0,3
1,51438.13,18.0,15,15.66,1,0,3
1,61868.56,46.0,14,11.11,0,0,1
0,78087.02,39.2,15,39.9,0,0,1
0,61944.06,47.0,15,17.3,1,1,0
1,56090.76,18.0,13,20.8,0,1,0
0,65403.69,60.1,12,15.49,0,1,0
1,71066.74,33.3,17,17.23,1,1,0
0,60871.19,48.3,18,7.2,1,0,1
0,55426.51,22.5,14,9.78,0,0,1
0,74225.2,42.4,13,28.34,1,1,2
0,62364.83,22.4,16,18.26,1,1,1
0,59256.94,27.5,13,13.47,0,1,2
0,73050.51,58.0,12,20.97,0,1,1
1,67756.42,32.7,13,21.18,1,1,1
0,77228.28,37.6,13,44.5,0,1,1
1,56600.71,45.4,7,17.84,0,0,0
0,47937.18,40.9,10,9.67,0,0,0
1,63539.71,36.8,12,15.52,1,1,0
0,57217.77,39.4,8,22.28,0,1,1
0,77552.31,63.8,10,27.05,0,1,1
1,47233.79,34.3,8,7.33,0,0,0
1,57939.85,37.4,10,18.67,1,0,1
1,61985.26,47.6,16,10.5,0,0,1
1,63678.7,48.3,15,12.39,1,1,1
1,66919.76,49.2,10,25.1,1,0,2
0,66206.78,42.7,12,23.88,0,1,1
1,46622.01,21.3,10,11.72,1,0,0
1,59128.96,54.6,9,15.2,1,1,3
1,58520.42,21.2,12,12.58,1,1,1
1,96082.02,38.6,15,50.0,0,0,0
0,55492.47,25.9,13,18.9,1,1,3
0,55462.18,34.2,12,10.81,1,1,0
1,72206.24,38.9,14,31.85,1,1,3
1,75507.68,38.9,14,32.42,0,1,2
1,80979.74,40.1,16,40.28,1,1,2
1,94238.3,54.4,13,46.71,0,1,0
0,72827.3,40.4,16,23.43,0,1,1
0,58691.86,32.1,13,13.81,0,1,1
0,68023.71,46.6,17,14.86,1,0,0
1,57530.93,49.3,10,14.21,0,1,2
1,58353.14,20.3,16,13.44,0,1,1
0,75441.1,42.2,14,30.57,1,1,0
1,58116.84,43.4,10,16.45,0,0,0
0,58519.43,31.4,9,26.73,1,0,0
0,64504.31,51.5,12,23.06,0,1,4
1,57417.36,33.2,14,9.49,0,0,5
0,52842.53,36.5,14,6.97,1,0,3
1,55688.01,32.9,13,8.86,1,0,2
1,57162.32,35.2,11,13.29,0,0,1
1,56458.99,21.8,16,17.59,1,0,1
0,50474.87,18.0,15,11.89,0,0,1
0,66832.51,54.1,13,23.37,0,0,1
1,49874.43,24.8,8,12.63,0,1,0
1,58123.95,23.1,10,18.7,0,0,0
1,48118.5,18.0,10,17.44,0,0,0
0,73263.06,27.3,13,39.14,0,1,2
0,39632.16,19.1,8,10.1,0,0,0
1,90657.88,54.7,14,49.61,0,1,1
1,68902.26,47.1,18,12.22,0,1,2
0,47228.42,26.7,13,8.41,1,0,0
0,58247.75,62.0,6,14.75,1,1,1
1,85208.99,46.8,10,50.0,1,1,0
0,69290.3,31.1,14,25.73,0,1,0
0,53529.66,18.0,10,22.23,1,1,2
0,65881.71,62.5,13,24.47,1,1,1
0,38645.74,18.3,8,11.19,0,1,1
1,58836.81,18.0,12,19.36,0,1,2
0,67867.33,47.3,17,16.47,1,0,0
0,77581.97,64.3,8,40.63,1,0,0
0,68933.65,51.6,14,15.57,1,1,0
0,52948.62,41.8,10,13.61,1,0,2
1,62828.09,42.1,13,9.19,1,1,0
0,45803.01,45.2,7,17.64,1,1,2
1,71064.55,44.1,12,19.04,0,1,1
0,50905.11,38.4,13,9.02,0,0,1
0,53951.0,36.3,9,20.63,1,0,2
0,60617.51,34.2,10,18.48,0,1,0
0,51277.86,26.0,9,27.3,1,1,3
1,69149.82,31.6,12,30.15,1,1,1
0,58717.17,18.0,14,17.24,1,1,1
1,50698.31,33.8,12,9.79,1,0,0
0,53866.84,23.1,14,10.86,0,1,5
0,71807.1,21.8,11,39.69,0,0,0
0,65445.71,37.2,15,17.86,0,1,0
1,88806.2,51.7,17,39.37,1,0,1
0,61570.34,46.0,9,21.1,1,0,1
0,63884.74,18.0,15,23.97,1,1,2
0,66760.37,23.1,14,26.29,0,0,0
0,50879.86,46.3,12,8.92,0,0,1
1,54100.39,23.2,7,19.17,1,1,1
1,50173.84,32.3,7,8.86,0,1,0
1,64338.71,41.6,14,14.26,0,0,2
1,57986.69,23.4,12,22.65,1,1,1
1,59921.52,36.3,13,9.85,1,1,0
0,54960.97,19.0,12,21.75,0,1,1
1,59586.48,27.8,15,7.77,1,0,1
0,71287.27,38.8,16,29.13,0,0,0
0,41336.68,18.0,11,11.8,1,0,1
1,57311.74,40.3,14,9.84,0,1,4
1,60940.85,34.8,16,8.02,0,1,3
1,61667.96,41.6,15,12.31,1,0,1
1,59095.84,37.7,14,6.34,0,0,1
0,52510.13,51.4,8,12.5,1,1,0
0,61277.25,36.5,9,28.5,1,1,1
0,49721.94,29.8,10,14.96,1,1,0
1,46766.82,36.5,8,9.13,1,0,0
1,59311.18,41.5,13,18.41,0,0,1
0,52824.21,35.6,11,17.62,1,0,1
0,71508.15,35.5,10,43.74,0,0,1
0,65664.92,26.6,13,24.42,0,1,1
1,62322.66,27.0,14,19.16,1,0,5
1,56443.38,18.2,9,25.86,0,0,5
0,65577.6,56.0,16,15.38,1,1,3
1,56810.5,20.1,13,15.84,0,0,2
1,75542.03,26.7,14,37.69,1,1,1
0,49265.29,26.4,13,7.26,1,0,2
1,70142.82,45.7,14,26.68,0,0,1
0,49756.94,31.5,11,15.56,1,0,0
0,63541.87,50.0,15,14.21,1,0,3
0,50492.89,26.9,11,12.47,0,1,2
1,68622.14,38.3,14,17.76,0,1,0
1,53062.65,25.0,11,16.09,1,1,0
0,64215.6,60.7,13,13.37,0,0,1
1,51781.39,20.7,11,11.57,0,0,0
0,45578.3,38.7,14,6.34,1,0,3
1,57482.3,42.6,10,11.45,0,1,0
1,51562.26,40.0,13,12.73,1,0,1
0,62431.6,32.8,14,17.74,1,0,2
0,66186.8,33.4,8,43.88,1,0,2
1,51104.05,35.5,8,12.09,0,1,3
0,53841.32,33.2,13,9.86,0,1,1
1,58054.9,46.6,12,11.5,0,1,0
1,71050.55,61.5,11,17.76,1,0,1
1,57089.86,28.3,10,22.07,0,0,1
0,53694.65,18.6,10,23.67,0,0,0
0,63013.5,33.9,12,24.87,0,1,0
0,69764.99,65.0,10,26.7,0,1,2
1,56550.66,25.4,14,14.3,0,0,1
0,89733.84,54.7,14,45.9,1,0,1
0,58537.48,55.1,11,13.77,0,0,2
1,56526.59,28.4,13,17.37,0,0,1
1,66668.71,41.8,6,31.43,0,1,2
0,59723.94,54.5,11,21.83,1,0,1
1,49299.79,30.5,10,5.36,1,0,0
1,55316.7,32.6,9,16.49,0,1,0
0,61292.17,28.0,12,25.3,1,1,0
0,34728.65,22.8,7,8.4,0,1,1
1,62031.22,27.2,12,23.94,1,1,2
1,64605.1,20.3,14,19.99,0,0,1
0,73736.59,35.4,15,29.72,1,1,2
0,55863.24,25.8,13,11.64,1,1,0
0,62337.08,37.8,10,27.06,1,1,4
1,50208.06,18.0,15,17.81,0,0,1
0,77213.18,39.0,11,39.77,0,1,0
0,84604.34,45.0,12,50.0,1,0,3
1,77361.2,18.0,15,35.49,0,1,0
1,57903.49,39.5,7,20.91,1,1,2
1,82604.24,49.7,9,50.0,1,1,1
0,59136.96,20.5,14,22.24,1,1,3
0,54849.68,55.1,10,10.44,0,1,2
0,62979.31,40.0,14,16.12,1,1,1
1,60878.09,26.5,12,24.07,1,0,1
1,64016.96,34.3,14,24.85,1,0,1
0,53205.59,41.7,10,9.37,0,1,1
0,49171.82,35.9,11,9.52,0,1,1
1,52172.75,41.5,8,13.86,0,0,3
1,51538.74,24.0,7,21.48,0,0,2
0,66644.01,37.0,14,22.9,1,1,1
1,52067.13,18.0,14,17.65,1,0,1
1,57528.45,33.7,15,10.84,0,0,1
1,77840.81,24.2,15,39.19,1,0,3
1,50158.61,26.2,9,9.62,0,1,0
1,80219.27,49.8,16,31.54,0,1,1
1,72128.02,48.1,15,23.79,0,1,3
1,72112.09,42.3,11,31.19,0,0,1
0,48782.9,21.9,11,13.17,1,0,1
0,60622.78,31.2,12,15.31,0,1,1
1,61615.81,49.6,15,16.9,1,0,1
1,58892.81,36.7,14,12.96,0,0,2
1,67034.79,62.8,11,18.41,1,0,1
0,76189.73,39.7,14,36.22,0,0,1
1,56761.65,37.3,14,8.6,0,0,1
0,56169.73,31.3,14,11.84,0,1,0
1,49142.37,36.6,10,11.21,0,0,2
0,53640.77,33.2,11,15.69,0,0,2
0,55790.73,43.5,9,15.37,1,1,2
0,61658.41,46.5,9,24.2,1,1,2
1,57645.48,25.6,12,16.72,1,0,3
0,55802.18,19.0,13,19.13,0,1,2
0,50337.66,18.0,9,20.07,0,0,2
0,55456.7,41.1,11,18.59,0,1,1
0,65954.98,21.8,13,23.37,1,1,3
1,49638.12,18.0,9,15.47,1,1,1
0,69899.64,39.7,10,37.46,1,1,3
0,85677.54,64.9,9,50.0,1,0,1
1,65429.16,34.9,15,23.41,0,0,1
1,63074.03,45.1,13,18.43,0,1,1
1,69152.64,36.0,15,22.47,0,1,1
1,57417.98,33.8,14,9.48,0,1,2
1,61204.07,46.0,8,17.99,0,1,0
0,55979.79,31.5,15,11.41,0,0,0
1,65380.59,38.2,14,21.22,1,1,3
1,48692.99,38.9,9,11.44,1,1,4
1,55277.17,27.0,13,13.84,1,1,1
1,57570.96,46.9,13,6.45,1,1,0
1,58225.53,32.9,17,9.15,0,1,3
0,54865.76,25.9,9,19.64,0,1,0
0,60045.95,41.4,17,10.65,1,0,0
1,68226.29,24.2,15,27.99,0,0,1
1,58263.77,35.3,15,10.21,0,0,1
0,60424.64,34.9,11,20.63,0,1,3
1,64735.79,48.0,13,11.24,0,1,0
1,70777.89,40.7,12,19.94,0,1,2
0,50108.41,34.7,11,7.63,0,0,1
1,54379.94,44.8,12,13.11,0,0,2
1,57683.31,51.7,12,10.77,1,1,0
0,72644.2,41.7,16,25.58,0,1,1
1,53511.84,35.1,7,20.72,0,0,2
0,48052.24,19.3,13,8.88,0,0,1
0,45540.24,22.2,7,14.86,0,0,0
0,44392.1,31.3,10,11.18,1,0,3
1,64166.84,27.7,9,26.45,1,0,0
0,74533.56,32.8,13,31.06,1,1,0
0,46666.77,35.7,14,8.0,0,0,2
1,58208.31,41.4,8,24.86,1,0,0
0,60254.34,34.2,16,10.9,1,0,0
1,61493.6,40.8,10,14.49,0,1,1
1,63254.36,35.8,14,16.71,0,1,5
1,76560.45,18.0,14,40.78,0,1,1
1,56796.05,23.7,16,9.96,1,1,0
0,63561.09,33.3,12,24.96,1,0,0
0,54498.15,20.5,16,9.15,0,1,1
1,54572.83,42.2,7,8.84,1,1,0
1,64409.78,53.4,14,16.68,0,0,2
0,62740.96,49.6,12,16.62,0,1,1
1,54116.18,32.4,13,5.0,1,1,0
0,76351.74,52.9,14,29.36,1,1,1
1,45259.64,36.8,7,5.64,0,0,4
1,61478.55,31.0,12,15.29,0,1,0
1,71537.69,27.6,15,31.94,0,0,1
1,83552.97,31.4,13,49.63,0,1,0
1,54111.25,30.3,13,13.71,1,0,0
0,49288.39,37.0,13,8.03,1,1,1
1,61254.46,36.9,7,31.35,1,1,0
1,66485.13,35.0,8,25.34,0,1,2
1,53071.11,40.2,12,12.88,1,1,1
1,63835.9,49.3,9,12.09,0,1,0
0,54025.44,46.4,11,11.49,1,1,0
1,54278.52,18.0,14,13.84,1,1,2
1,53519.29,18.0,15,19.26,1,0,2
0,66930.27,46.2,17,12.39,0,1,1
0,48856.49,18.6,11,13.2,0,1,0
1,57342.68,32.3,8,22.66,0,0,3
0,42695.43,21.0,13,7.84,1,0,2
0,45743.82,18.0,8,13.63,0,1,2
0,53668.51,41.5,15,7.11,0,1,3
1,59174.53,44.1,10,17.36,0,0,2
1,49754.06,28.1,11,6.24,1,1,2
0,63283.4,18.0,13,25.66,0,0,3
1,60257.35,28.4,17,8.52,1,1,1
1,44916.36,39.7,7,6.78,1,0,2
0,48844.84,18.0,11,13.71,1,1,0
0,81551.48,37.2,16,38.69,0,0,1
1,74201.49,34.8,17,23.47,0,1,2
0,45883.92,42.0,11,6.29,0,0,2
1,59008.05,36.4,13,8.4,0,1,0
0,46980.68,23.3,11,13.49,0,1,3
0,94176.6,49.4,16,50.0,1,0,0
1,62303.81,33.1,16,10.28,0,1,0
0,50146.92,34.7,13,10.32,1,0,0
1,68812.91,23.8,13,35.29,0,1,1
0,52612.82,29.7,11,18.13,1,0,1
0,53197.68,24.4,11,27.84,1,1,2
0,49988.21,32.9,12,11.43,1,0,1
0,58921.3,55.5,13,15.63,1,0,0
0,73798.96,18.5,12,31.75,1,1,1
0,54312.74,18.0,14,15.3,1,0,3
1,75445.53,52.7,13,28.83,0,0,1
1,62765.35,32.5,9,19.96,0,1,2
0,48029.24,27.0,11,9.78,0,0,3
1,61227.11,47.5,13,16.31,0,1,2
0,57432.63,27.7,10,26.86,0,0,1
0,72047.58,56.9,11,22.98,0,1,0
1,59636.33,43.1,13,16.12,0,1,4
0,53038.45,29.1,14,6.39,0,1,0
0,67150.03,60.9,18,6.7,0,0,1
0,41498.29,27.7,10,7.45,1,0,2
1,62473.58,43.9,14,12.74,0,0,0
1,62707.38,38.6,14,13.62,1,1,3
0,52329.73,50.6,8,7.86,0,1,1
0,74401.62,53.7,14,27.42,1,0,0
1,53029.31,35.4,13,8.74,1,0,1
1,52954.98,26.0,12,8.29,1,1,0
0,48840.4,40.5,9,17.19,1,1,1
0,68895.91,26.9,12,26.76,0,1,0
0,79605.87,59.2,7,45.94,1,1,2
1,55753.22,36.6,8,22.01,1,0,1
1,76758.76,30.6,13,36.23,1,1,1
0,51555.76,37.2,12,8.97,1,0,1
0,77455.39,18.8,13,48.42,0,1,1
1,54810.41,23.3,17,6.48,1,1,1
1,55076.65,49.4,7,12.78,0,0,0
1,60934.85,27.1,13,21.77,1,0,1
0,47499.03,22.4,9,7.37,0,1,1
1,50764.24,41.4,9,10.34,1,0,2
1,57614.85,49.2,10,9.55,0,1,0
0,52312.64,43.6,11,14.08,0,0,3
1,72962.44,47.0,11,33.47,1,1,1
1,54558.35,25.9,10,16.58,1,0,0
1,53118.71,18.0,14,13.05,1,1,1
1,56523.55,53.0,12,5.0,0,1,1
0,58046.66,31.1,12,20.77,0,0,3
0,63316.36,32.0,14,24.41,1,0,2
0,58309.28,50.9,14,7.03,1,1,0
1,68340.87,41.7,17,15.9,1,1,0
0,68503.57,40.5,16,18.11,0,1,2
1,76457.9,61.0,8,26.64,1,0,2
0,53527.84,27.3,12,11.45,0,0,1
1,56818.75,46.1,12,10.62,0,0,0
1,61540.14,35.7,11,13.09,0,1,0
1,70245.38,38.2,13,31.26,0,0,0
1,77948.77,53.3,16,27.71,1,1,0
1,68683.59,41.1,15,16.27,0,1,1
0,70871.12,41.5,13,27.38,0,0,0
0,44190.58,47.9,6,5.03,0,0,0
0,61959.57,30.6,14,24.43,0,0,2
1,46749.11,24.9,11,9.4,1,0,0
0,71460.85,22.5,12,39.79,0,0,1
1,55652.25,18.0,18,9.66,0,0,0
0,60655.81,59.7,12,10.74,1,1,5
1,57288.56,21.8,10,21.78,1,1,1
1,55063.72,32.3,7,22.86,1,0,1
1,44508.88,31.7,7,13.16,0,0,1
1,60274.35,38.7,7,19.8,1,1,1
0,66257.08,44.8,13,21.07,1,1,1
0,55252.9,45.3,12,20.02,1,1,3
1,50865.0,28.0,7,13.43,1,1,1
0,64631.18,33.0,16,21.17,0,0,0
1,69558.32,38.4,7,33.22,1,1,2
1,54997.32,32.0,14,8.91,0,0,0
1,57617.21,54.3,10,10.8,0,1,1
0,69790.88,40.9,15,16.67,0,1,1
1,57890.77,43.8,8,9.7,0,1,1
0,45168.95,43.0,9,6.67,1,0,0
0,65066.34,49.1,9,28.4,1,0,2
0,41590.57,37.2,9,5.4,1,0,0
0,46970.1,19.4,13,13.45,1,1,0
0,72119.22,39.8,14,24.03,0,1,2
0,60294.27,27.2,16,18.79,0,1,3
1,58712.67,28.7,11,13.55,1,1,0
0,57302.51,42.0,14,9.5,1,0,0
1,68109.09,49.9,14,19.53,0,0,3
0,48979.61,35.3,11,10.03,1,0,0
0,59242.73,38.7,9,18.78,0,1,0
1,65135.94,55.4,12,17.65,0,1,1
1,70991.58,37.9,15,17.73,0,1,0
0,62481.11,65.0,11,11.94,0,1,1
0,86413.35,41.8,13,45.49,1,0,1
0,52769.21,18.0,13,19.67,1,0,3
0,62583.96,44.0,15,14.31,0,1,4
1,59958.83,39.6,9,18.77,1,1,1
1,53487.99,50.5,7,11.16,1,0,3
0,60201.07,43.1,11,13.56,0,0,1
1,79187.35,33.3,10,50.0,0,0,1
0,46672.37,20.3,11,11.2,1,1,1
1,57615.96,32.5,11,15.82,1,1,0
1,44919.31,24.8,12,13.09,1,0,2
1,52245.65,28.0,14,9.78,0,0,1
0,58888.07,42.1,11,20.3,1,1,2
1,76473.25,55.0,15,16.75,0,0,1
0,63442.57,39.7,11,25.93,0,0,3
1,65867.62,20.6,13,24.66,0,1,1
0,62334.15,40.3,12,25.8,0,1,2
0,60432.14,49.4,14,10.39,0,1,1
1,69414.37,27.7,14,22.66,0,1,0
0,70414.96,33.4,13,22.93,0,0,0
1,54473.5,35.2,13,9.87,1,1,0
1,52902.51,25.6,15,14.02,0,0,0
1,57010.89,42.8,16,7.94,0,0,1
0,64138.05,33.5,14,22.98,0,1,0
0,59569.58,40.0,10,22.93,0,1,1
1,71283.41,24.4,12,33.62,1,0,1
0,58187.11,29.8,15,14.67,0,0,2
1,56254.76,43.7,9,20.61,1,0,2
1,73869.67,30.5,13,26.95,0,1,0
1,73652.74,55.7,16,11.28,0,1,1
1,46547.98,30.2,12,10.45,1,0,1
1,53851.77,37.7,8,11.46,1,0,0
0,60394.52,46.2,13,13.81,0,1,1
0,40086.83,18.0,10,10.64,1,0,0
0,42399.07,18.0,10,11.71,0,1,0
1,58360.97,18.0,11,25.55,1,0,0
1,65574.84,50.2,16,15.67,1,0,0
1,65429.84,28.4,16,19.17,1,1,1
1,74389.12,65.0,15,12.49,1,0,0
1,55712.42,28.2,13,12.08,0,1,0
0,50119.47,37.2,9,18.97,1,1,3
0,61572.69,53.5,11,17.51,0,1,2
0,72759.15,59.1,12,24.26,0,1,5
1,79700.95,59.7,12,31.53,0,1,1
0,54115.12,49.5,9,11.64,0,0,1
1,70303.41,47.3,13,25.29,1,0,1
1,51986.01,42.1,8,9.58,1,1,1
0,83668.56,44.3,10,46.38,1,0,1
0,48990.48,28.4,13,11.1,0,0,0
0,55514.1,25.2,12,23.23,0,0,1
0,46900.24,35.0,12,9.55,1,0,1
1,64601.59,33.0,15,15.24,0,1,0
0,64523.51,29.6,8,35.62,1,1,2
1,56888.19,43.4,11,10.93,1,0,1
1,92815.73,46.5,15,49.51,1,1,0
0,51852.52,36.1,8,16.4,0,1,1
1,79006.1,52.7,16,26.79,1,1,2
1,63321.72,21.3,11,20.12,0,1,1
1,53201.98,32.7,7,20.67,1,1,1
0,58607.16,26.4,20,8.06,0,1,0
0,46908.99,18.0,10,12.98,0,1,2
0,74222.87,34.0,13,29.9,0,0,1
0,44421.82,33.5,9,13.84,1,0,2
1,61676.21,53.2,7,17.63,0,1,0
1,48444.28,42.6,8,7.59,0,1,1
1,51868.86,22.7,9,12.57,0,1,1
0,60048.33,57.2,7,28.83,1,1,1
0,53715.0,49.7,13,8.66,1,1,1
1,74211.19,42.0,15,23.54,1,1,3
0,56591.29,32.3,13,17.97,1,0,2
0,54501.68,23.5,14,14.61,0,1,0
1,58659.53,30.5,14,14.3,0,1,4
0,60521.35,48.1,14,12.86,1,1,2
1,69434.44,57.6,16,13.45,0,0,2
0,62769.69,53.5,12,26.18,0,0,2
1,44705.24,29.1,6,13.25,0,0,1
1,67855.96,21.6,11,40.6,0,0,3
0,64676.64,36.7,13,19.1,0,1,0
1,57921.15,18.0,16,12.33,0,1,0
1,72917.72,38.9,12,26.75,0,0,1
1,68953.06,33.2,13,22.46,0,1,1
0,41537.82,29.4,9,7.19,0,0,1
1,41936.87,18.0,7,9.8,0,0,1
0,67648.61,41.2,16,15.52,0,0,0
1,56253.97,28.6,13,7.45,1,1,1
1,69543.27,21.0,6,46.77,0,0,1
0,50790.29,18.0,10,24.81,1,1,5
1,54934.21,34.7,13,16.34,1,1,1
0,60660.8,56.3,16,13.86,1,1,2
0,58144.42,54.9,11,12.18,0,0,2
1,52829.33,29.5,13,6.16,0,1,2
1,53230.49,27.8,16,6.91,0,1,2
0,85127.98,40.6,13,42.54,1,1,1
0,59679.63,23.0,7,36.12,0,0,2
1,49599.55,38.6,8,12.33,1,0,0
1,69254.85,44.2,10,25.89,1,0,1
0,64479.23,49.7,9,21.18,0,1,2
0,62459.99,33.8,12,22.47,0,1,1
1,43707.21,32.6,6,8.06,1,0,3
1,51394.84,24.5,13,6.66,0,1,4
1,67853.43,25.1,8,29.7,0,0,2
0,44181.69,32.3,11,6.11,1,0,1
1,61986.17,39.4,15,15.27,0,1,0
1,68233.87,46.0,16,13.68,1,1,0
0,50247.07,25.4,12,13.06,1,0,0
1,69216.08,52.9,13,19.24,1,1,1
1,53199.02,31.7,9,11.72,0,1,0
0,60683.31,34.7,16,20.04,0,0,0
1,61426.52,26.0,13,17.65,0,1,0
1,77393.16,18.0,13,46.96,0,0,0
1,61173.08,45.6,17,8.23,0,1,4
1,64614.51,43.8,15,16.69,0,0,0
0,66691.86,31.6,16,20.4,0,1,0
0,60595.29,35.8,14,14.47,0,1,1
1,58357.72,41.2,16,8.43,1,0,1
0,65030.0,18.0,11,30.83,0,0,0
0,52933.57,28.7,8,19.46,0,1,5
1,59913.46,44.5,15,8.73,1,1,1
0,44260.55,19.9,8,20.48,1,0,2
1,83311.79,38.5,15,38.5,0,1,3
0,52590.58,18.7,14,16.15,0,0,2
0,56808.08,40.6,12,16.43,1,0,0
1,72655.31,34.6,15,36.02,1,0,1
1,53646.11,18.0,14,10.12,1,1,1
1,93679.91,49.0,16,39.01,1,1,2
1,56178.5,26.2,6,26.75,0,0,0
1,53598.46,25.3,11,10.36,0,1,1
1,57405.4,37.4,9,11.77,0,1,2
1,56722.8,48.8,10,12.65,1,1,2
1,42503.13,22.8,13,6.57,1,1,0
0,64794.22,35.7,14,18.73,1,1,0
1,57580.06,40.1,12,10.6,0,1,2
0,52687.61,43.3,6,19.07,0,0,1
1,61159.36,37.1,17,8.62,0,1,2
0,68029.16,30.6,13,26.09,1,1,2
1,60744.48,25.1,11,23.78,1,1,2
1,64992.05,36.0,14,11.55,0,0,0
1,62744.05,22.1,13,19.68,0,1,1
1,56912.99,18.0,12,17.14,0,0,2
1,77023.63,40.2,14,34.51,0,0,1
0,56537.51,45.8,13,9.81,1,1,3
1,49518.76,18.0,12,15.24,0,1,2
0,44183.76,22.9,10,11.94,1,1,3
1,61417.88,42.4,10,16.82,1,0,0
0,63382.02,59.7,10,21.47,1,0,1
1,53595.31,35.2,13,11.87,0,0,1
1,57491.32,26.3,15,13.71,1,1,0
1,68352.41,32.8,15,26.66,0,0,0
1,81795.96,51.5,15,32.42,0,1,2
1,61141.23,27.2,13,21.05,0,1,1
0,61670.9,25.4,16,15.35,0,0,3
1,58819.05,29.2,14,14.64,0,0,1
1,53596.73,23.6,10,21.63,0,1,4
0,68292.62,36.5,15,18.43,1,1,1
0,54979.74,54.5,11,7.21,0,1,1
0,60195.91,38.9,10,21.89,1,1,3
1,57361.51,32.0,13,10.69,1,1,0
0,52679.59,31.5,14,8.1,0,0,1
0,39082.13,18.0,11,7.14,1,0,3
0,60979.8,45.6,13,14.76,0,0,0
1,43989.22,34.1,6,9.89,0,0,4
1,56242.35,32.8,15,5.14,0,1,0
1,60388.3,65.0,10,13.75,1,0,3
1,56878.03,38.6,12,12.87,0,0,0
0,54613.19,26.0,16,15.26,1,1,2
0,54055.69,29.9,14,12.01,0,0,1
1,85741.42,48.8,14,41.04,1,1,1
0,70493.74,36.4,15,21.3,0,0,1
0,48585.76,18.0,12,12.81,1,0,1
1,60435.93,46.0,12,15.93,1,1,1
0,72737.68,27.0,18,33.36,1,0,0
1,75115.25,57.5,13,26.53,1,1,4
0,48698.65,48.0,11,8.18,1,0,1
1,57731.27,29.6,16,10.1,0,1,0
0,54766.23,50.4,11,11.12,0,1,1
0,51817.81,35.8,10,13.2,0,1,1
0,62546.68,45.2,15,12.21,0,0,1
1,63364.13,40.8,17,16.73,0,1,0
1,58425.34,24.8,6,23.76,0,0,1
0,65230.55,27.3,14,25.82,0,1,2
1,56306.13,47.4,12,13.97,1,0,3
1,54487.7,31.0,13,7.26,0,0,1
1,49448.22,30.2,9,9.77,1,1,0
1,56282.63,23.5,16,12.68,0,1,1
0,41518.71,40.1,9,8.82,1,0,1
1,83762.78,59.8,17,29.09,1,0,1
1,57787.99,22.2,17,9.12,0,0,1
0,62258.56,35.3,12,22.39,0,1,0
0,64722.09,51.9,15,7.09,0,1,0
1,64100.71,34.0,12,22.84,0,0,0
1,64188.53,40.4,12,15.34,1,1,2
1,70669.86,22.3,14,35.03,1,1,0
1,55388.11,40.1,14,9.34,0,1,2
1,55278.75,32.8,14,12.4,0,0,2
0,58281.34,46.8,14,13.66,0,0,3
0,61917.73,49.2,10,15.24,0,1,1
0,64945.9,65.0,13,13.83,1,1,4
0,59482.14,42.0,14,13.97,0,1,0
0,58788.38,38.9,13,13.85,0,1,1
1,57932.87,37.3,17,5.84,0,1,1
1,62251.21,30.8,11,27.02,0,0,2
1,95479.32,39.1,18,50.0,1,1,0
1,64999.37,31.5,16,19.09,0,1,3
1,47327.63,37.0,9,9.32,1,0,0
1,59634.02,50.8,14,9.8,1,1,1
1,59657.59,22.9,10,22.34,0,0,2
0,73825.92,48.7,17,19.94,0,1,1
0,66985.14,50.8,15,14.27,1,1,2
1,61643.11,33.6,11,23.97,1,0,1
0,36824.36,18.0,11,5.86,1,0,1
1,63906.55,27.7,13,23.98,0,1,2
0,63567.56,50.6,11,18.52,1,0,0
1,50521.36,34.7,13,9.99,0,0,1
1,53472.37,23.0,12,8.03,1,1,2
0,56330.83,28.9,14,17.47,1,1,0
1,79302.51,45.1,13,33.24,0,0,0
0,53144.61,41.6,11,14.67,1,1,1
0,54943.61,32.1,16,10.74,0,0,1
0,45483.12,30.6,11,18.1,1,0,5
1,84675.47,30.3,14,40.87,0,0,0
0,63725.69,23.9,15,20.4,1,1,0
1,74621.17,54.4,14,21.54,0,1,2
0,59607.14,31.1,10,30.31,1,0,3
0,62751.58,49.6,12,20.83,0,1,2
1,69287.18,53.3,16,11.13,0,1,1
0,41983.59,47.0,6,6.87,0,1,0
0,52242.91,29.8,14,10.37,1,1,3
0,49773.51,39.8,13,9.47,0,0,1
1,67125.05,34.7,13,22.87,1,1,0
1,60009.37,24.2,15,24.51,0,0,1
0,58588.77,38.9,14,17.95,1,1,0
0,44652.24,20.9,13,8.72,0,0,1
0,83761.63,49.3,13,40.18,0,1,3
0,53417.47,29.4,14,13.36,0,0,1
1,71561.45,37.4,16,22.24,0,0,2
1,63674.29,38.4,10,16.86,0,1,2
1,52440.18,31.9,7,18.25,0,0,1
0,61154.85,42.0,13,21.85,1,1,0
1,54116.03,29.3,11,11.61,1,0,1
1,65434.75,45.5,10,31.59,1,0,2
1,42370.33,18.8,10,7.47,0,0,1
1,52223.5,36.5,15,9.78,1,0,0
1,81655.24,58.3,11,31.38,0,1,0
1,61681.77,23.0,11,22.09,1,1,1
0,87414.98,26.9,12,50.0,0,1,1
1,62511.35,41.2,13,17.02,0,1,2
0,71960.91,37.2,12,38.48,0,0,1
1,49393.09,39.2,10,6.5,1,1,0
1,48884.65,40.9,11,8.11,0,0,1
1,76759.15,42.6,14,25.73,1,1,0
0,65135.42,48.3,12,6.89,0,1,0
0,62223.38,39.9,18,14.9,1,0,1
0,76491.03,32.1,17,29.48,1,1,0
1,65710.41,43.1,13,21.13,0,0,1
1,65076.17,57.8,9,16.54,0,1,2
1,58257.45,33.4,13,13.14,1,0,3
0,53117.93,23.3,13,18.19,0,1,3
1,70635.85,48.3,14,21.95,0,1,0
1,59323.97,33.6,14,11.82,1,0,2
0,54769.45,18.0,13,19.8,1,0,3
1,67524.56,45.2,7,28.2,0,1,2
1,60656.09,28.6,14,14.71,1,1,1
1,67517.45,33.9,16,17.01,0,1,1
1,71899.7,39.0,14,20.94,0,1,0
0,63278.58,37.3,13,21.66,1,0,2
1,72465.01,43.5,15,25.51,0,0,0
1,54820.79,29.8,12,9.9,0,1,1
1,53694.33,41.2,8,12.62,1,1,1
1,47230.91,31.9,9,12.86,1,0,2
1,59491.23,43.9,13,10.47,1,1,0
1,52251.13,42.4,13,6.69,1,0,3
1,42150.87,23.8,12,5.0,1,1,1
0,81151.18,48.0,17,29.9,0,0,0
0,59953.02,28.6,17,7.56,0,1,0
0,76832.82,44.7,13,35.99,1,0,1
1,68140.2,39.4,11,23.8,0,1,4
1,65088.39,57.1,13,13.43,1,1,1
0,56558.08,32.3,11,22.38,1,0,0
0,67360.81,30.8,15,20.34,0,1,1
1,47537.25,34.8,10,9.48,1,1,3
1,54085.71,31.4,10,16.32,0,1,1
1,58969.29,44.6,11,10.08,0,1,1
0,60907.83,18.0,15,22.81,1,0,1
0,59197.35,22.4,17,11.5,0,0,0
0,51559.79,22.2,14,15.67,0,1,1
0,58395.42,46.4,12,15.33,0,0,1
0,60747.36,55.5,12,17.48,1,1,1
0,70398.69,33.7,9,37.76,1,0,0
0,55555.96,33.0,10,14.58,1,1,2
0,68452.79,35.8,12,30.23,1,0,0
1,72008.97,48.9,16,20.91,0,1,1
0,63653.02,23.9,11,33.42,1,1,1
0,51730.34,37.9,10,13.88,1,1,1
1,72128.99,46.7,16,23.29,0,1,1
1,59363.54,41.0,13,15.96,0,0,4
1,53215.19,37.3,15,5.0,1,1,0
1,51589.01,47.0,11,9.54,1,0,0
1,57012.34,18.0,9,22.0,1,1,1
1,67518.1,43.1,13,21.29,1,0,0
1,50263.89,27.2,8,8.61,0,0,1
1,54629.37,18.0,13,18.36,1,0,0
1,60703.28,41.1,13,21.15,0,0,0
0,58820.73,51.5,9,16.16,0,0,1
1,62320.73,33.4,8,23.67,1,1,2
1,69742.14,46.4,11,22.12,0,0,0
1,70046.97,54.3,12,16.16,1,1,1
0,64380.66,50.8,12,12.74,0,1,1
0,64629.96,54.7,8,27.7,0,1,0
1,71600.54,43.9,14,20.73,0,0,2
0,45881.32,35.9,9,8.24,0,1,2
1,62268.29,18.0,15,18.37,0,1,3
1,55443.81,32.0,12,9.25,0,1,0
1,39724.07,24.9,7,10.15,1,0,3
1,71120.26,61.1,14,11.87,0,1,1
1,51674.44,32.9,6,16.82,0,1,1
1,68647.21,36.5,13,19.83,1,1,3
1,59322.34,41.6,15,13.4,1,0,0
1,55127.53,35.5,13,13.7,0,0,1
1,64209.9,55.3,16,12.79,1,0,1
1,68489.84,27.5,12,27.76,1,0,2
1,51739.16,37.3,16,5.0,0,1,2
0,57840.51,26.1,15,14.09,0,0,3
0,76229.18,19.2,14,35.61,1,1,1
0,54327.92,27.7,9,21.3,1,1,0
0,67473.44,34.6,12,30.98,1,1,1
1,45841.75,29.8,10,5.95,0,0,3
0,49709.15,26.7,16,8.84,0,0,2
1,65965.67,18.1,11,21.26,1,1,0
0,68274.95,34.0,9,35.71,0,0,2
0,41173.75,18.0,11,9.29,0,1,3
0,53651.74,44.1,11,13.55,1,1,1
1,68013.37,36.0,15,20.1,0,1,1
0,38880.41,18.0,12,7.95,1,0,2
0,55450.36,31.3,14,21.35,1,0,3
1,50779.88,26.0,13,5.0,0,1,2
0,62493.88,38.8,12,21.03,1,0,2
0,53070.27,51.1,7,10.0,0,1,1
1,56941.6,18.0,17,13.15,1,0,0
0,62815.64,36.4,13,22.78,0,0,0
0,61031.12,33.1,12,20.57,0,1,1
0,56996.53,43.1,10,16.38,1,0,2
0,65854.14,37.6,15,26.7,0,0,1
1,50208.78,26.0,14,7.03,1,1,0
0,61789.55,31.2,17,18.21,0,0,3
1,53127.75,25.4,13,11.08,0,1,3
1,75045.3,47.9,15,26.02,0,1,3
0,62050.53,35.3,11,23.19,0,1,1
1,75626.12,57.8,12,23.61,0,1,1
0,69943.71,34.3,14,37.44,1,0,0
0,60749.98,26.5,14,28.88,1,0,1
0,52064.34,18.0,15,15.2,1,0,0
0,48638.15,18.0,8,16.43,1,1,1
1,61179.13,18.0,15,22.21,0,1,3
0,61421.06,38.2,14,17.6,1,1,2
1,75575.26,41.1,18,23.4,0,1,2
1,47792.1,18.0,14,5.39,1,0,0
0,88107.79,45.7,14,42.11,0,0,0
1,65570.59,29.2,16,16.95,1,1,1
1,49681.82,36.8,8,7.31,1,0,0
0,57254.41,54.3,13,10.41,1,0,1
0,57685.8,45.8,13,5.67,1,1,1
0,50375.45,31.8,13,9.53,1,0,1
0,51678.27,24.3,15,15.32,1,1,1
1,79601.05,18.0,14,35.07,0,1,2
0,59204.02,26.4,13,20.19,0,1,3
1,58123.12,32.5,8,18.48,0,1,1
1,52708.97,23.2,15,9.32,0,1,0
1,67575.15,33.4,17,10.89,0,1,3
0,50452.59,35.9,11,11.32,0,1,1
0,50777.09,32.3,12,11.55,0,0,0
0,48107.88,27.2,13,13.79,1,0,0
0,50660.75,37.0,9,14.32,1,0,1
1,60305.51,40.3,13,13.88,0,1,2
0,41848.34,21.9,9,11.76,0,1,0
0,62951.4,51.9,12,17.59,0,1,3
0,53171.38,33.8,10,14.05,0,1,1
1,51199.76,35.2,14,7.41,1,0,3
1,57413.95,43.5,13,16.73,0,0,1
1,62649.11,37.8,15,15.51,1,0,0
0,53100.14,46.4,16,7.46,1,0,2
0,60989.77,38.4,14,12.24,1,1,0
1,59171.57,27.7,10,22.17,0,1,1
1,52902.85,39.3,9,9.32,1,0,0
1,52529.87,21.3,13,8.84,0,1,0
1,60174.12,36.3,13,13.98,0,1,2
0,63672.42,34.6,10,22.45,0,1,1
0,72830.35,32.5,11,40.66,0,1,1
1,61436.3,33.5,12,22.86,0,1,3
0,69696.97,18.0,17,28.29,0,0,1
1,59437.55,28.4,16,19.56,1,0,1
0,53277.83,36.1,13,11.67,1,1,0
0,58561.5,36.9,12,22.78,0,1,2
1,54694.13,22.7,10,15.76,0,0,3
0,58433.49,50.2,10,19.86,1,1,1
0,52616.53,24.6,16,10.25,0,1,4
0,59231.12,46.6,11,20.76,1,1,0
1,60224.04,40.1,12,15.48,1,1,0
0,50513.08,27.2,9,18.46,0,0,1
0,59976.9,56.3,9,15.76,0,0,1
1,52619.19,20.7,14,14.32,0,1,3
0,59269.65,46.0,9,20.95,0,1,0
1,69222.78,47.0,15,13.42,0,1,2
0,51153.72,27.0,12,7.43,1,1,0
1,47313.82,51.7,6,6.44,0,0,0
0,62877.88,32.0,17,18.03,0,0,3
1,64888.09,38.5,13,13.15,1,1,2
1,44675.78,38.1,10,6.93,0,0,4
1,56444.24,33.4,15,17.34,0,0,2
0,62863.12,44.7,16,15.69,0,0,1
0,63354.09,44.5,16,12.81,0,1,2
1,54806.39,18.0,13,18.6,1,1,2
0,83017.57,50.7,17,31.74,0,0,2
0,61538.87,18.0,10,31.26,1,1,1
1,64005.84,47.4,14,17.67,0,0,1
0,59049.32,48.5,13,15.76,0,0,2
1,50133.11,21.9,9,17.79,0,0,1
0,58864.02,30.1,12,19.19,1,1,4
1,53829.28,21.7,14,14.38,0,0,2
1,60867.18,32.4,15,17.94,0,1,2
1,53791.75,31.3,13,7.49,1,0,1
1,68038.69,44.4,16,17.13,0,1,1
0,66834.98,50.7,15,20.87,0,1,1
1,69081.13,51.7,15,12.87,1,0,1
1,60060.27,28.3,13,15.68,0,1,3
0,51432.2,32.5,12,9.43,1,1,0
1,45312.22,18.0,11,8.8,0,0,2
0,52376.0,25.3,10,18.27,1,1,0
1,60691.34,46.6,15,11.42,1,0,0
0,51406.43,54.4,9,6.76,0,1,0
1,43082.92,20.2,9,9.43,1,0,0
1,45756.09,27.9,9,10.14,1,0,3
0,64454.67,34.7,14,24.22,0,1,3
1,62189.09,38.4,11,17.99,0,1,2
0,46523.41,25.3,12,10.64,1,0,3
0,51730.99,40.1,11,12.26,1,1,1
0,68386.76,29.3,12,31.69,0,1,1
0,64084.88,34.8,12,26.26,1,0,2
0,44719.34,41.6,10,9.4,0,1,1
1,70966.14,35.1,11,29.42,1,1,0
0,44885.77,29.8,9,15.79,1,0,1
1,62204.8,33.7,10,24.53,1,1,1
0,54817.03,33.9,16,15.16,0,1,0
1,68969.04,30.6,11,29.75,1,1,2
1,52689.44,31.9,15,9.21,0,0,3
0,64333.98,54.2,16,14.47,0,0,2
1,63974.52,41.7,7,30.21,0,0,5
1,46560.29,31.5,15,5.0,1,1,3
1,70051.41,43.4,18,16.07,0,1,2
0,57548.79,31.0,14,13.51,0,1,5
0,67272.07,49.1,12,23.16,1,1,1
1,73677.97,39.4,17,28.08,1,0,1
1,62328.35,33.7,9,23.69,1,1,0
0,60225.75,40.4,12,18.55,1,1,1
0,53600.88,18.0,11,16.78,0,1,2
1,56226.6,21.5,12,13.85,1,0,0
1,48032.88,20.7,8,18.26,1,0,3
1,75863.34,36.7,14,34.12,0,0,2
0,51919.33,55.8,9,10.86,0,0,0
0,66542.59,61.8,13,13.45,0,1,1
0,63345.64,42.7,13,15.84,0,1,0
0,58502.89,41.0,7,27.13,1,1,3
0,53166.76,18.0,12,18.39,1,0,1
1,63018.72,28.5,11,26.89,1,0,2
1,63894.34,25.5,9,27.58,0,1,0
1,57690.01,27.5,12,22.11,0,0,2
0,60638.64,33.0,20,9.66,1,0,3
0,72253.49,29.3,14,37.73,0,0,2
0,72665.91,18.0,16,33.32,1,0,0
0,51243.26,44.0,8,16.98,0,0,0
1,49261.52,22.1,11,8.24,1,1,1
0,57608.58,37.9,18,7.54,0,0,2
0,63705.25,59.9,10,18.67,0,0,0
0,50777.88,24.0,12,11.58,0,1,1
0,42020.82,18.0,14,6.97,1,0,3
1,53219.99,31.6,12,7.47,1,0,0
0,56702.57,48.2,12,13.0,0,1,1
1,76480.28,58.5,19,18.13,1,0,2
1,68391.63,20.2,16,33.21,1,1,1
0,66680.88,41.0,17,20.95,1,0,2
0,55784.04,29.4,12,13.59,1,0,1
1,62926.11,33.7,12,19.89,0,1,0
1,74942.55,65.0,14,19.02,0,1,0
0,55749.49,18.0,9,23.8,1,0,2
0,54880.58,38.0,10,16.12,1,1,0
0,75046.97,40.6,16,27.61,1,1,0
0,68590.19,48.0,11,24.83,1,1,0
0,54924.77,36.2,12,17.14,0,1,1
0,59546.84,38.7,14,15.49,1,1,0
0,63316.69,30.3,13,26.05,0,0,3
0,44389.71,38.2,10,11.51,1,0,1
0,43567.73,30.9,6,7.74,0,0,0
1,56138.82,42.5,12,7.72,1,0,0
1,56993.31,30.6,12,11.04,0,1,2
1,68541.59,39.5,10,22.87,0,1,2
0,56713.3,34.6,12,13.31,0,1,3
1,58184.5,48.5,8,18.22,1,0,0
0,52188.06,34.4,15,12.84,1,0,0
1,51506.72,18.0,15,12.89,0,0,4
0,57464.6,50.1,16,9.85,1,0,3
0,56660.65,24.1,14,15.71,1,0,0
1,65941.65,27.2,19,15.07,0,1,2
1,51150.03,27.9,8,20.21,0,1,3
1,72050.53,51.5,14,18.99,1,1,1
0,48808.87,18.0,8,14.9,1,1,1
0,66622.05,65.0,15,7.74,0,0,2
0,73881.24,47.7,17,28.09,1,1,2
1,56770.69,37.7,9,15.76,0,0,0
1,53032.08,34.3,9,17.11,0,0,0
1,82697.22,38.4,11,36.61,0,1,0
0,67185.04,41.3,12,25.9,0,1,2
1,59227.4,42.7,8,20.56,1,1,1
0,53478.09,41.7,9,16.43,1,1,0
0,57403.93,36.1,12,16.35,0,0,1
1,59210.45,32.6,9,18.54,0,1,2
1,58186.59,33.2,14,20.16,1,0,0
0,72444.63,32.7,10,38.69,1,0,3
0,83494.31,48.6,10,50.0,1,0,3
0,57513.79,42.1,9,19.01,1,0,4
0,53014.79,18.0,14,5.6,0,1,0
0,48737.21,42.9,8,10.22,1,1,0
0,77316.16,37.3,10,40.68,0,1,2
0,66049.08,34.8,15,23.55,0,1,2
1,62293.02,30.3,14,20.35,0,0,0
1,70188.03,48.5,15,15.13,0,0,1
0,55453.53,46.4,14,9.07,1,1,1
1,76746.86,25.7,15,38.05,1,1,3
1,51719.89,39.9,9,10.9,0,1,1
0,62479.7,23.3,16,23.68,0,0,1
0,45883.49,18.4,14,8.58,0,0,2
1,58842.12,27.5,11,14.77,0,0,0
1,74243.22,45.3,15,27.02,1,0,2
1,60904.53,46.4,9,14.51,1,1,1
1,58065.26,41.2,15,13.68,1,1,1
0,63940.16,43.7,15,16.53,1,1,2
0,42456.12,41.2,6,8.43,1,1,1
0,48307.38,27.3,12,7.67,0,0,1
0,65076.71,40.2,8,23.5,0,0,0
0,52861.84,44.6,14,13.32,0,0,0
0,72643.28,44.1,16,23.41,1,1,1
0,76904.88,49.3,12,28.76,1,1,3
0,71975.55,43.5,13,29.94,0,1,0
0,56564.21,39.2,15,7.31,0,1,2
0,65163.0,47.8,17,11.6,0,0,2
0,53649.58,34.7,12,21.52,1,1,3
0,61969.72,24.4,15,21.68,0,0,2
1,77030.76,33.0,10,50.0,1,0,1
1,56890.92,26.1,10,10.45,1,1,0
